track_name,artist_name,peak_rank,weeks_on_board
$ave Dat Money,Lil Dicky Featuring Fetty Wap & Rich Homie Quan,71,19
(There's No Place Like) Home For The Holidays,Perry Como,32,6
...Ready For It?,Taylor Swift,4,20
1 Night,Lil Yachty,49,20
1-800-273-8255,Logic Featuring Alessia Cara & Khalid,3,42
10 Freaky Girls,Metro Boomin Featuring 21 Savage,42,4
"10,000 Hours",Dan + Shay & Justin Bieber,4,30
1400 / 999 Freestyle,Trippie Redd Featuring Juice WRLD,55,3
1942,G-Eazy Featuring Yo Gotti & YBN Nahmir,70,8
1985 (Intro To The Fall Off),J. Cole,20,2
1999,Prince,12,30
2 Phones,Kevin Gates,17,25
21,Polo G,62,8
223's,YNW Melly & 9lokknine,34,19
24,Money Man Featuring Lil Baby,49,14
24/7,Meek Mill Featuring Ella Mai,54,19
24K Magic,Bruno Mars,4,41
2U,David Guetta Featuring Justin Bieber,16,11
3 Headed Goat,Lil Durk Featuring Lil Baby & Polo G,43,16
31 Days,Future,65,2
34+35,Ariana Grande,8,7
4 AM,2 Chainz Featuring Travis Scott,55,12
44 Bulldog,Pop Smoke,39,2
44 More,Logic,22,5
4422,Drake Featuring Sampha,50,2
444+222,Lil Uzi Vert,60,3
4:44,JAY-Z,35,2
5% Tint,Travis Scott,36,2
6 Inch,Beyonce Featuring The Weeknd,18,3
6 Kiss,Trippie Redd Featuring Juice WRLD & YNW Melly,60,4
679,Fetty Wap Featuring Remy Boyz,4,40
7 Rings,Ariana Grande,1,33
7 Summers,Morgan Wallen,6,17
7 Years,Lukas Graham,2,36
8 Out Of 10,Drake,21,3
80s Mercedes,Maren Morris,74,13
9,Drake,45,5
92 Explorer,Post Malone,40,3
A Guy With A Girl,Blake Shelton,42,17
A Holly Jolly Christmas,Burl Ives,4,18
A Little More Summertime,Jason Aldean,52,13
A Lot,21 Savage,12,23
A Thousand Bad Times,Post Malone,29,3
ATM,J. Cole,6,5
Acquainted,The Weeknd,60,18
Act Up,City Girls,26,21
Adicto,"Tainy, Anuel AA & Ozuna",86,2
Adore You,Harry Styles,6,50
Adventure Of A Lifetime,Coldplay,13,20
Africa,Weezer,51,15
After A Few,Travis Denning,31,15
After Dark,Drake Featuring Static Major & Ty Dolla $ign,41,3
After Hours,The Weeknd,20,7
After Party,Don Toliver,57,20
Again,Fetty Wap,33,26
Aim For The Moon,Pop Smoke Featuring Quavo,34,2
Ain't Always The Cowboy,Jon Pardi,55,16
Ain't My Fault,Zara Larsson,76,7
All Dat,Moneybagg Yo X Megan Thee Stallion,70,4
All Eyez,The Game Featuring Jeremih,79,5
All Girls Are The Same,Juice WRLD,41,20
All I Know,The Weeknd Featuring Future,46,2
All I Want,Olivia Rodrigo,90,2
All I Want For Christmas Is You,Mariah Carey,1,42
All In,Lil Baby,45,8
All In,YoungBoy Never Broke Again,90,2
All In My Head (Flex),Fifth Harmony Featuring Fetty Wap,24,18
All Mine,Kanye West,11,9
All My Friends,21 Savage,67,2
All Night,Beyonce,38,2
All On Me,Devin Dawson,52,20
All The Good Girls Go To Hell,Billie Eilish,46,7
All The Pretty Girls,Kenny Chesney,63,14
All The Stars,Kendrick Lamar & SZA,7,21
All The Way Up,"Fat Joe, Remy Ma & Jay Z Featuring French Montana & Infared",27,20
All Time Low,Jon Bellion,16,22
All To Myself,Dan + Shay,31,20
All We Know,The Chainsmokers Featuring Phoebe Ryan,18,16
Allergic,Post Malone,37,2
Alone,Halsey Featuring Big Sean & Stefflon Don,66,14
Alone,Marshmello,60,10
Always Remember Us This Way,Lady Gaga,41,9
American Country Love Song,Jake Owen,55,17
Antidote,Travis Scott,16,26
Antisocial,Ed Sheeran & Travis Scott,37,4
Any Ol' Barstool,Jason Aldean,52,18
Anyone,Demi Lovato,34,2
Apes**t,The Carters,13,15
Armed And Dangerous,Juice WRLD,44,17
Arms Around You,XXXTENTACION x Lil Pump Featuring Maluma & Swae Lee,28,17
Ask Me How I Know,Garth Brooks,71,7
At My Best,Machine Gun Kelly Featuring Hailee Steinfeld,60,8
At The Club,Jacquees X Dej Loaf,86,7
Attention,Charlie Puth,5,40
Attention,The Weeknd,67,2
August,Taylor Swift,23,2
B*tch From da Souf,Mulatto,95,3
B.E.D.,Jacquees,69,13
B.I.T.C.H.,Megan Thee Stallion,31,10
B.S.,Jhene Aiko Featuring H.E.R.,24,20
BAD!,XXXTENTACION,16,10
BBO (Bad Bitches Only),Migos Featuring 21 Savage,48,2
BEBE,6ix9ine Featuring Anuel AA,30,4
BEST ON EARTH,Russ & BIA,46,20
BLOW,Ed Sheeran With Chris Stapleton & Bruno Mars,60,2
BOP,DaBaby,11,30
Baby,Lil Baby & DaBaby,21,20
Baby Pluto,Lil Uzi Vert,6,4
Baby Shark,Pinkfong,32,20
Baby Sitter,DaBaby Featuring Offset,59,20
Bacc At It Again,"Yella Beezy, Gucci Mane & Quavo",78,6
Back To Back,Drake,21,20
Back To Sleep,Chris Brown,20,20
Back To The Streets,Saweetie Featuring Jhene Aiko,76,4
Back To You,Louis Tomlinson Featuring Bebe Rexha & Digital Farm Animals,40,10
Back To You,Selena Gomez,18,26
Back Up,DeJ Loaf Featuring Big Sean,47,18
Backin' It Up,Pardison Fontaine Featuring Cardi B,40,20
Backroad Song,Granger Smith,49,16
Bad And Boujee,Migos Featuring Lil Uzi Vert,1,36
Bad At Love,Halsey,5,33
Bad Bad Bad,Young Thug Featuring Lil Baby,32,9
Bad Energy,Juice WRLD,16,2
Bad Guy,Billie Eilish,1,49
Bad Idea,Ariana Grande,27,3
Bad Liar,Imagine Dragons,56,9
Bad Liar,Selena Gomez,20,14
Bad Things,Machine Gun Kelly x Camila Cabello,4,23
Baguettes In The Face,"Mustard featuring NAV, Playboi Carti & A Boogie Wit da Hoodie",81,6
Baila Baila Baila,Ozuna x Daddy Yankee x J Balvin x Farruko x Anuel AA,69,9
Ball For Me,Post Malone Featuring Nicki Minaj,16,14
Ballin',Mustard & Roddy Ricch,11,44
Bandit,Juice WRLD & YoungBoy Never Broke Again,10,20
Bang My Head,David Guetta Featuring Sia & Fetty Wap,76,6
Bang!,AJR,24,24
Bank Account,21 Savage,12,29
Barbie Dreams,Nicki Minaj,18,7
Barbie Tingz,Nicki Minaj,25,3
Bartier Cardi,Cardi B Featuring 21 Savage,14,20
Be A Light,"Thomas Rhett Featuring Reba McEntire, Hillary Scott, Chris Tomlin & Keith Urban",42,22
Be Alright,Dean Lewis,23,29
Be Careful,Cardi B,11,20
Be Kind,Marshmello & Halsey,29,15
Be Like That,Kane Brown With Swae Lee & Khalid,19,21
Be Something,Polo G Featuring Lil Baby,57,2
Bean (Kobe),Lil Uzi Vert Featuring Chief Keef,19,2
Beautiful,Bazzi Featuring Camila Cabello,26,27
Beautiful Crazy,Luke Combs,21,31
Beautiful Drug,Zac Brown Band,52,20
Beautiful People,Ed Sheeran Featuring Khalid,13,26
Beautiful Trauma,P!nk,78,15
Bed,Nicki Minaj Featuring Ariana Grande,42,10
Beer Can't Fix,Thomas Rhett Featuring Jon Pardi,36,18
Beer Never Broke My Heart,Luke Combs,21,21
Beers And Sunshine,Darius Rucker,93,2
Before I Let Go,Beyonce,65,16
Before You Go,Lewis Capaldi,9,44
Behind Barz,Drake,75,2
Beibs In The Trap,Travis Scott,90,3
Believe It,PARTYNEXTDOOR & Rihanna,23,14
Believer,Imagine Dragons,4,52
Best Friend,"Sofi Tukker Featuring NERVO, The Knocks & Alisa Ueno",81,5
Best Friend,Young Thug,45,20
Best Life,Cardi B Featuring Chance The Rapper,39,3
Best Part,Daniel Caesar Featuring H.E.R.,75,19
Best Shot,Jimmie Allen,37,20
Betrayed,Lil Xan,64,20
Better,Khalid,8,48
Better Man,Little Big Town,34,20
Better Now,Post Malone,3,52
Better Together,Luke Combs,30,11
Betty,Taylor Swift,42,2
Bichota,Karol G,89,3
Bickenhead,Cardi B,43,2
Big Bank,"YG Featuring 2 Chainz, Big Sean & Nicki Minaj",16,24
Big Ole Freak,Megan Thee Stallion,65,12
Big Rings,Drake & Future,52,20
Big Shot,Kendrick Lamar & Travis Scott,71,2
"Big, Big Plans",Chris Lane,42,11
Bigger > You,"2 Chainz, Drake & Quavo",53,2
Billy,6ix9ine,50,8
Black,Dierks Bentley,56,19
Black Beatles,Rae Sremmurd Featuring Gucci Mane,1,27
Black Parade,Beyonce,37,2
Blame It On Me,Post Malone,47,2
Blase,Ty Dolla $ign Featuring Future & Rae Sremmurd,63,18
Blem,Drake,38,4
Blind,DaBaby Featuring Young Thug,74,9
Blinding Lights,The Weeknd,1,55
Blood On My Jeans,Juice WRLD,12,4
Bloodline,Ariana Grande,22,3
Bloody Valentine,Machine Gun Kelly,50,4
Blue Ain't Your Color,Keith Urban,24,21
Blue Tacoma,Russell Dickerson,52,18
Blue Tint,Drake,30,3
Blue World,Mac Miller,38,2
Blueberry Faygo,Lil Mosey,8,33
Bluebird,Miranda Lambert,26,20
Bodak Yellow (Money Moves),Cardi B,1,35
Body,Dreezy Featuring Jeremih,62,18
Body,Loud Luxury Featuring Brando,80,8
Body,Megan Thee Stallion,12,4
Body Like A Back Road,Sam Hunt,6,41
Bohemian Rhapsody,Queen,2,44
Bon Appetit,Katy Perry Featuring Migos,59,6
Boo'd Up,Ella Mai,5,35
Booty,Blac Youngsta,73,5
Bored To Death,Blink-182,85,2
Born To Be Yours,Kygo & Imagine Dragons,74,2
Boss,The Carters,77,2
Both,Gucci Mane Featuring Drake,41,22
Bounce Back,Big Sean,6,28
Boy With Luv,BTS Featuring Halsey,8,8
Boyfriend,Ariana Grande & Social House,8,12
Brand New,Ben Rector,82,5
Break My Heart,Dua Lipa,13,32
Break On Me.,Keith Urban,54,12
Break Up In A Small Town,Sam Hunt,29,20
Break Up In The End,Cole Swindell,49,17
"Break Up With Your Girlfriend, I'm Bored",Ariana Grande,2,20
Breaking Me,Topic & A7S,53,13
Breathin,Ariana Grande,12,25
Broccoli,D.R.A.M. Featuring Lil Yachty,5,37
Broke In A Minute,Tory Lanez,64,2
Broken,lovelytheband,29,22
Broken Clocks,SZA,82,4
Broken Halos,Chris Stapleton,45,20
Burn Out,Midland,63,9
Burning House,Cam,29,25
Burning Man,Dierks Bentley Featuring Brothers Osborne,45,17
Bury A Friend,Billie Eilish,14,20
Butterfly Doors,Lil Pump,81,2
Butterfly Effect,Travis Scott,51,22
Buy My Own Drinks,Runaway June,88,5
CRZY,Kehlani,85,5
Cake,Flo Rida & 99 Percent,73,6
Cake By The Ocean,DNCE,9,46
Call It What You Want,Taylor Swift,27,2
Call On Me,Starley,65,18
Call Out My Name,The Weeknd,4,18
Call You Mine,The Chainsmokers & Bebe Rexha,56,14
Callaita,Bad Bunny & Tainy,52,20
Calling My Spirit,Kodak Black,46,17
Calma,Pedro Capo X Farruko,71,20
Came Here To Forget,Blake Shelton,36,19
Camelot,NLE Choppa,37,20
Can't Be Broken,Lil Wayne,17,2
Can't Die,Juice WRLD,50,2
Can't Feel My Face,The Weeknd,1,41
Can't Have Everything,Drake,82,2
Can't Leave Without It,21 Savage,58,4
Can't Say,Travis Scott,38,2
Can't Stop The Feeling!,Justin Timberlake,1,52
Can't Take A Joke,Drake,18,4
Candy,Doja Cat,86,6
Candy Paint,Post Malone,50,20
Capsize,Frenship & Emily Warren,78,10
Captain Hook,Megan Thee Stallion,74,4
Caramelo,Ozuna x Karol G x Myke Towers,76,10
Cardigan,Taylor Swift,1,14
Caroline,Amine,11,28
Carousel,Travis Scott,24,2
Carter Son,YoungBoy Never Broke Again,62,2
Cash Me Outside (#CashMeOutside),DJ Suede The Remix God,72,3
Cash Shit,Megan Thee Stallion Featuring DaBaby,36,20
Castle On The Hill,Ed Sheeran,6,33
Catch,Brett Young,29,16
Chained To The Rhythm,Katy Perry Featuring Skip Marley,4,15
Champagne Night,Lady A,75,8
Champions,"Kanye West, Gucci Mane, Big Sean, 2 Chainz, Travi$ Scott, Yo Gotti, Quavo, Desiigner",71,3
Chanel (Go Get It),Young Thug Featuring Gunna & Lil Baby,78,3
Change,J. Cole,21,2
Changes,XXXTENTACION,18,20
Chantaje,Shakira Featuring Maluma,51,18
Chasin' You,Morgan Wallen,16,36
Cheap Thrills,Sia Featuring Sean Paul,1,52
Cheerleader,OMI,1,35
Chicago Freestyle,Drake Featuring Giveon,14,12
Childs Play,Drake,49,14
Chill Bill,Rob $tone Featuring J. Davi$ & Spooks,29,26
China,"Anuel AA, Daddy Yankee, Karol G, Ozuna & J Balvin",43,17
Christmas (Baby Please Come Home),Darlene Love,29,6
Chun-Li,Nicki Minaj,10,16
Church Bells,Carrie Underwood,43,17
Circles,Post Malone,1,61
Close,Nick Jonas Featuring Tove Lo,14,20
Close Friends,Lil Baby,28,33
Close To Me,Ellie Goulding X Diplo Featuring Swae Lee,24,25
Closed On Sunday,Kanye West,17,2
Closer,The Chainsmokers Featuring Halsey,1,52
Clout,Offset Featuring Cardi B,39,20
Codeine Dreaming,Kodak Black Featuring Lil Wayne,52,14
Cold,Maroon 5 Featuring Future,16,20
Cold Water,Major Lazer Featuring Justin Bieber & MO,2,27
Come & Go,Juice WRLD x Marshmello,2,20
Come And See Me,PARTYNEXTDOOR Featuring Drake,55,24
Come Get Her,Rae Sremmurd,56,19
Come Thru,Summer Walker & Usher,42,19
Comin Out Strong,Future Featuring The Weeknd,48,3
Coming Home,Keith Urban Featuring Julia Michaels,50,7
Commercial,Lil Baby Featuring Lil Uzi Vert,23,2
Company,Justin Bieber,53,12
Con Calma,Daddy Yankee & Katy Perry Featuring Snow,22,25
Confession,Florida Georgia Line,53,20
Confident,Demi Lovato,21,20
Congratulations,Post Malone Featuring Quavo,8,50
Consequences,Camila Cabello,51,12
Controlla,Drake,16,26
Conversations,Juice WRLD,7,6
Cool,Jonas Brothers,27,17
Cool Again,Kane Brown,29,20
Cool Girl,Tove Lo,84,3
Cooler Than A Bitch,Gunna Featuring Roddy Ricch,41,3
Corazon,Maluma X Nego do Borel,87,9
Country Nation,Brad Paisley,94,2
Cozy Little Christmas,Katy Perry,53,2
Cranes In The Sky,Solange,74,2
Craving You,Thomas Rhett Featuring Maren Morris,39,20
Crew,GoldLink Featuring Brent Faiyaz & Shy Glizzy,45,21
Criminal,Natti Natasha x Ozuna,95,3
Cross Me,Ed Sheeran Featuring Chance The Rapper & PnB Rock,25,10
Cruel Summer,Taylor Swift,29,2
Crushed Up,Future,43,5
Cry Pretty,Carrie Underwood,48,11
Crying In The Club,Camila Cabello,47,9
Cuban Links,Rod Wave & Kevin Gates,92,3
Curve,Gucci Mane Featuring The Weeknd,67,2
Cut It,O.T. Genasis Featuring Young Dolph,35,20
D4L,"Future, Drake & Young Thug",19,2
DNA,BTS,67,4
DNA.,Kendrick Lamar,4,20
Daddy,Blueface & Rich The Kid,78,4
Daddy Lessons,Beyonce,41,2
Daisies,Katy Perry,40,7
Dakiti,Bad Bunny & Jhay Cortez,5,7
Dame Tu Cosita,Pitbull x El Chombo x Karol G Featuring Cutty Ranks,36,9
Dance Monkey,Tones And I,4,36
Dancing With A Stranger,Sam Smith & Normani,7,45
Dangerous,Meek Mill Featuring Jeremih & PnB Rock,31,20
Dangerous Woman,Ariana Grande,8,21
Dark Knight Dummo,Trippie Redd Featuring Travis Scott,72,7
Dark Necessities,Red Hot Chili Peppers,67,2
Dark Queen,Lil Uzi Vert,91,2
Darkness,Eminem,28,2
Death,Trippie Redd Featuring DaBaby,59,7
Death Bed,Powfu Featuring beabadoobee,23,26
Dedicate,Lil Wayne,14,2
Dedication,Nipsey Hussle Featuring Kendrick Lamar,93,2
Deep End Freestyle,Sleepy Hallow,80,2
Deja Vu,J. Cole,7,20
Delicate,Taylor Swift,12,35
Demons,Drake Featuring Fivio Foreign & Sosa Geek,34,2
Demons And Angels,A Boogie Wit da Hoodie Featuring Juice WRLD,90,3
Desires,Drake Featuring Future,27,2
Despacito,Luis Fonsi & Daddy Yankee Featuring Justin Bieber,1,52
Desperate Man,Eric Church,68,15
Dessert,Dawin,68,11
Diamond Teeth Samurai,YoungBoy Never Broke Again,59,5
Diamonds,Sam Smith,40,13
Dibs,Kelsea Ballerini,58,17
Dicked Down In Dallas,Trey Lewis,65,2
Did It Again,Lil Tecca,64,7
Die A Happy Man,Thomas Rhett,21,30
Die For Me,Post Malone Featuring Future & Halsey,20,5
Die For You,The Weeknd,43,3
Die From A Broken Heart,Maddie & Tae,22,25
Die Young,Roddy Ricch,99,2
Different For Girls,Dierks Bentley Featuring Elle King,42,20
Dior,Pop Smoke,22,21
Dip,Tyga & Nicki Minaj,63,8
Diplomatic Immunity,Drake,7,3
Dirt On My Boots,Jon Pardi,37,20
Dirty Laundry,Carrie Underwood,48,16
Dive,Ed Sheeran,49,2
Dive Bar,Garth Brooks & Blake Shelton,78,5
Do I Make You Wanna,Billy Currington,47,19
Do It,Chloe X Halle,63,11
Do It Like Me,DLOW,45,15
Do Not Disturb,Drake,60,2
Do Re Mi,blackbear,40,25
Do You Mind,"DJ Khaled Featuring Nicki Minaj, Chris Brown, August Alsina, Jeremih, Future & Rick Ross",27,20
Does To Me,Luke Combs Featuring Eric Church,20,19
Doin' Time,Lana Del Rey,59,2
Dollaz On My Head,Gunna Featuring Young Thug,38,19
Don't,Bryson Tiller,13,34
Don't Call Me Angel (Charlie's Angels),"Ariana Grande, Miley Cyrus & Lana Del Rey",13,7
Don't Call Me Up,Mabel,66,10
Don't Come Out The House,Metro Boomin Featuring 21 Savage,38,4
Don't Cry,Lil Wayne Featuring XXXTENTACION,5,3
Don't Go Breaking My Heart,Backstreet Boys,63,10
Don't Hurt Yourself,Beyonce Featuring Jack White,28,2
Don't Let Me Down,The Chainsmokers Featuring Daya,3,52
Don't Matter To Me,Drake Featuring Michael Jackson,9,5
Don't Mind,Kent Jones,8,20
Don't Rush,Young T & Bugsey Featuring Headie One,56,14
Don't Start Now,Dua Lipa,2,52
Don't Stop,Megan Thee Stallion Featuring Young Thug,30,10
Don't Wanna Know,Maroon 5 Featuring Kendrick Lamar,6,27
Done,Chris Janson,41,12
Done For Me,Charlie Puth Featuring Kehlani,53,9
Double Up,Nipsey Hussle Featuring Belly & DOM KENNEDY,65,3
Down,Fifth Harmony Featuring Gucci Mane,42,9
Down,Marian Hill,21,17
Down In The DM,Yo Gotti Featuring Nicki Minaj,13,21
Down To The Honkytonk,Jake Owen,65,13
Downtown,"Macklemore & Ryan Lewis Featuring Eric Nally, Melle Mel, Kool Moe Dee & Grandmaster Caz",12,20
Draco,Future,46,8
Drag Me Down,One Direction,3,20
Drankin N Smokin,Future & Lil Uzi Vert,31,2
Dreams,Fleetwood Mac,1,23
Drew Barrymore,Bryce Vine,46,14
Drinkin' Problem,Midland,45,20
Drinking Alone,Carrie Underwood,74,7
Drip,Cardi B Featuring Migos,21,10
Drip Too Hard,Lil Baby & Gunna,4,35
Drowning,A Boogie Wit da Hoodie Featuring Kodak Black,38,21
Drowns The Whiskey,Jason Aldean Featuring Miranda Lambert,32,19
Drug Addiction,YoungBoy Never Broke Again,44,2
Drunk Girl,Chris Janson,79,10
Drunk Me,Mitchell Tenpenny,39,21
Drunk On Your Love,Brett Eldredge,35,15
Duele El Corazon,Enrique Iglesias Feat. Wisin or Tinashe & Javada,82,8
Dura,Daddy Yankee,43,21
Dusk Till Dawn,Zayn Featuring Sia,44,17
Dynamite,BTS,1,17
EARFQUAKE,"Tyler, The Creator",13,15
Earth,Lil Dicky,17,6
Easier,5 Seconds Of Summer,48,16
Eastside,"benny blanco, Halsey & Khalid",9,52
Easy,DaniLeigh Featuring Chris Brown,79,15
Echame La Culpa,Luis Fonsi & Demi Lovato,47,20
El Amante,Nicky Jam,92,15
El Farsante,Ozuna & Romeo Santos,49,20
Electricity,Silk City x Dua Lipa,62,10
Element.,Kendrick Lamar,16,11
Elevate,Drake,14,3
Ella Quiere Beber,Anuel AA & Romeo Santos,61,20
Emotionally Scarred,Lil Baby,31,25
Emotionless,Drake,8,4
Emperor's New Clothes,Panic! At The Disco,68,4
Empty,Juice WRLD,41,3
End Game,Taylor Swift Featuring Ed Sheeran & Future,18,14
Enemies,Post Malone Featuring DaBaby,16,18
Envy Me,Calboy,31,27
Epidemic,Polo G,47,3
Errbody,Lil Baby,41,2
Escapate Conmigo,Wisin Featuring Ozuna,63,20
Esskeetit,Lil Pump,24,12
Even Though I'm Leaving,Luke Combs,11,24
Every Little Thing,Carly Pearce,50,17
Every Little Thing,Russell Dickerson,50,12
Every Time I Hear That Song,Blake Shelton,56,11
Everybody Dies In Their Nightmares,XXXTENTACION,42,7
Everyday,Ariana Grande Featuring Future,55,7
Everyday,Logic & Marshmello,29,13
Everyday We Lit,YFN Lucci Featuring PnB Rock,33,20
Everything I Wanted,Billie Eilish,8,33
Everything's Gonna Be Alright,David Lee Murphy & Kenny Chesney,66,13
Everywhere But On,Matt Stell,48,11
Ex's & Oh's,Elle King,10,38
Exchange,Bryson Tiller,26,34
Exile,Taylor Swift Featuring Bon Iver,6,5
Eyes On You,Chase Rice,38,20
F**k Love,XXXTENTACION Featuring Trippie Redd,28,21
F.N,Lil Tjay,56,13
FEFE,6ix9ine Featuring Nicki Minaj & Murda Beatz,3,20
Fade,Kanye West,47,13
Faded,Alan Walker,80,8
Fake Love,BTS,10,6
Fake Love,Drake,8,25
Fake Smile,Ariana Grande,26,2
Faking It,Calvin Harris Featuring Kehlani & Lil Yachty,94,4
Fall,Eminem,12,4
Falling,Trevor Daniel,17,38
Falling Down,Lil Peep & XXXTENTACION,13,11
False Alarm,The Weeknd,55,4
False Prophets,J. Cole,54,2
Famous,Kanye West,34,14
Famous,Mason Ramsey,62,2
Fast,Juice WRLD,47,2
Fast,Luke Bryan,58,13
Fast Car,Jonas Blue Featuring Dakota,98,5
Father Stretch My Hands Pt. 1,Kanye West,37,23
Faucet Failure,Ski Mask The Slump God,87,11
Favorite Time Of Year,Carrie Underwood,80,3
Fear.,Kendrick Lamar,50,2
Feel It Still,Portugal. The Man,4,45
Feel No Ways,Drake,53,6
Feel.,Kendrick Lamar,35,2
Feels,"Calvin Harris Featuring Pharrell Williams, Katy Perry & Big Sean",20,18
Feels Like Summer,Childish Gambino,54,2
Felices Los 4,Maluma,48,20
Feliz Navidad,Jose Feliciano,10,13
Female,Keith Urban,69,5
Fetish,Selena Gomez Featuring Gucci Mane,27,12
Fighting Demons,Juice WRLD,35,2
Filthy,Justin Timberlake,9,6
Find My Way,DaBaby,22,5
Fine China,Future & Juice WRLD,26,13
Finesse,Bruno Mars & Cardi B,3,23
Finesse,Drake,42,2
Fire & Desire,Drake,75,4
First Day Out,Tee Grizzley,48,20
First Off,Future Featuring Travis Scott,47,3
Five More Minutes,Scotty McCreery,44,20
Fix,Chris Lane,65,12
Fix A Drink,Chris Janson,67,14
Flatliner,Cole Swindell,56,18
Flex,Polo G Featuring Juice WRLD,30,8
Focus,Ariana Grande,7,13
Foldin Clothes,J. Cole,30,2
Follow God,Kanye West,7,6
For Free,DJ Khaled Featuring Drake,13,20
For Her,Chris Lane,92,4
For The First Time,Darius Rucker,58,10
For The Night,Pop Smoke Featuring Lil Baby & DaBaby,6,24
For Whom The Bell Tolls,J. Cole,23,2
For You (Fifty Shades Freed),Liam Payne & Rita Ora,76,3
Forever,Justin Bieber Featuring Post Malone & Clever,24,2
Forever After All,Luke Combs,2,8
Forever Country,"Artists Of Then, Now & Forever",21,4
Forget Me Too,Machine Gun Kelly & Halsey,44,2
Formation,Beyonce,10,7
Franchise,Travis Scott Featuring Young Thug & M.I.A.,1,9
Freaky Friday,Lil Dicky Featuring Chris Brown,8,20
Free Smoke,Drake,18,4
Freedom,Beyonce Featuring Kendrick Lamar,35,2
Fresh Eyes,Andy Grammer,59,18
Friends,Justin Bieber + BloodPop,20,10
Friends,Marshmello & Anne-Marie,11,29
From The Ground Up,Dan + Shay,48,16
Futsal Shuffle 2020,Lil Uzi Vert,5,11
GANG GANG,JACKBOYS & Sheck Wes,48,2
GIRL,Maren Morris,44,21
Galway Girl,Ed Sheeran,53,4
Gangsta,Kehlani,41,11
Gangstas,Pop Smoke,37,2
Get Along,Kenny Chesney,22,21
Get It Together,Drake Featuring Jorja Smith & Black Coffee,45,2
Get Ugly,Jason Derulo,52,12
Get Up 10,Cardi B,38,2
Get You,Daniel Caesar Featuring Kali Uchis,93,5
Ghost Town,Kanye West Featuring PARTYNEXTDOOR,16,2
Ghostface Killers,"21 Savage, Offset & Metro Boomin Featuring Travis Scott",35,7
Ghostin,Ariana Grande,25,2
Ginza,J Balvin,84,15
Girl Like You,Jason Aldean,46,19
Girl Of My Dreams,Rod Wave,65,16
Girls In The Hood,Megan Thee Stallion,28,17
Girls Like You,Maroon 5 Featuring Cardi B,1,52
Girls Need Love,Summer Walker X Drake,37,20
Glock In My Lap,21 Savage & Metro Boomin,19,3
Glorious,Macklemore Featuring Skylar Grey,49,18
Glow,Drake Featuring Kanye West,54,2
Go Crazy,Chris Brown & Young Thug,9,32
Go Flex,Post Malone,76,11
Go Loko,"YG, Tyga & Jon Z",49,19
Go Stupid,Polo G Featuring NLE Choppa & Stunna 4 Vegas,60,9
Go!,Kid LAROI & Juice WRLD,52,4
God Is A Woman,Ariana Grande,8,22
God Whispered Your Name,Keith Urban,60,20
God's Country,Blake Shelton,17,23
God's Plan,Drake,1,36
"God, Your Mama, And Me",Florida Georgia Line Featuring Backstreet Boys,46,19
God.,Kendrick Lamar,58,2
Godzilla,Eminem Featuring Juice WRLD,3,20
Going Bad,Meek Mill Featuring Drake,6,37
Gold,Kiiara,13,27
Gold Roses,Rick Ross Featuring Drake,39,3
Golden,Harry Styles,74,8
Gonna,Blake Shelton,54,18
Gonna Know We Were Here,Jason Aldean,54,16
Gooba,6ix9ine,3,10
Good As Hell,Lizzo,3,30
Good As You,Kane Brown,36,20
Good Drank,2 Chainz x Gucci Mane x Quavo,70,16
Good For You,Selena Gomez Featuring A$AP Rocky,5,26
Good Form,Nicki Minaj Featuring Lil Wayne,60,6
Good Girl,Dustin Lynch,44,15
Good Life,G-Eazy & Kehlani,59,5
Good News,Mac Miller,17,4
Good Old Days,Macklemore Featuring Kesha,48,20
Good Time,Niko Moon,71,11
Good To Be Alive (Hallelujah),Andy Grammer,62,10
Good Vibes,Chris Janson,48,13
Goodbyes,Post Malone Featuring Young Thug,3,21
Goosebumps,Travis Scott,32,34
Gorgeous,Taylor Swift,13,4
Got It On Me,Pop Smoke,31,9
Got What I Got,Jason Aldean,16,25
Grace,Lil Baby & 42 Dugg,48,15
Grammys,Drake Featuring Future,38,9
Grass Ain't Greener,Chris Brown,71,4
Graveyard,Halsey,34,20
Greatest,Eminem,23,2
Greatest Love Story,LANCO,45,21
Greece,DJ Khaled Featuring Drake,8,15
Green Light,Lorde,19,9
Greenlight,Pitbull Featuring Flo Rida & LunchMoney Lewis,95,4
Growing Pains,Alessia Cara,65,8
Gucci Flip Flops,Bhad Bhabie Featuring Lil Yachty,79,3
Gucci Gang,Lil Pump,3,24
Gummo,6ix9ine,12,20
Guys My Age,Hey Violet,68,5
Gyalchester,Drake,29,11
H.O.L.Y.,Florida Georgia Line,14,22
HAD ENOUGH,Don Toliver Featuring Quavo & Offset,52,2
HIGHEST IN THE ROOM,Travis Scott,1,21
Hallelujah,Carrie Underwood & John Legend,84,2
Hallelujah,Pentatonix,23,11
HandClap,Fitz And The Tantrums,53,20
Handgun,YG Featuring A$AP Rocky,98,2
Hands To Myself,Selena Gomez,7,20
Hangin' On,Chris Young,63,13
Happier,Ed Sheeran,59,2
Happier,Marshmello & Bastille,2,52
Happy Anywhere,Blake Shelton Featuring Gwen Stefani,36,20
Happy Does,Kenny Chesney,85,6
Happy Holiday / The Holiday Season,Andy Williams,24,7
Happy Xmas (War Is Over),John & Yoko/The Plastic Ono Band With The Harlem Community Choir,42,2
Hard To Forget,Sam Hunt,26,20
Hardaway,Derez De'Shon,61,11
Hate Me,Ellie Goulding & Juice WRLD,56,20
Hate The Other Side,Juice WRLD & Marshmello Featuring Polo G & The Kid LAROI,10,7
Havana,Camila Cabello Featuring Young Thug,1,46
Hawai,Maluma & The Weeknd,12,17
Head Above Water,Avril Lavigne,64,2
Head Over Boots,Jon Pardi,51,24
Hear Me Calling,Juice WRLD,38,4
Heart On Ice,Rod Wave,25,27
Heartache Medication,Jon Pardi,42,20
Heartache On The Dance Floor,Jon Pardi,47,18
Heartbeat,Carrie Underwood,42,14
Heartless,Diplo Presents Thomas Wesley Featuring Morgan Wallen,39,21
Heartless,The Weeknd,1,23
Heat,Chris Brown Featuring Gunna,36,20
Heathens,twenty one pilots,2,39
Heather,Conan Gray,46,14
Heatin Up,Lil Baby & Gunna,18,6
Heaven,Kane Brown,15,27
Heavy,Linkin Park Featuring Kiiara,45,19
Hello,Adele,1,26
Here,Alessia Cara,5,34
Here And Now,Kenny Chesney,38,15
Here Comes Santa Claus (Right Down Santa Claus Lane),Gene Autry,28,9
Here Tonight,Brett Young,42,20
Here With Me,Marshmello Featuring CHVRCHES,31,16
"Hey Look Ma, I Made It",Panic! At The Disco,16,22
Hide Away,Daya,23,27
High Fashion,Roddy Ricch Featuring Mustard,20,28
High Hopes,Panic! At The Disco,4,52
Higher,DJ Khaled Featuring Nipsey Hussle & John Legend,21,2
Higher Love,Kygo X Whitney Houston,63,9
Him & I,G-Eazy & Halsey,14,20
History,One Direction,65,6
Hit Different,SZA Featuring Ty Dolla $ign,29,14
Hit The Quan,iLoveMemphis,15,20
Hold Up,Beyonce,13,13
Hole In The Bottle,Kelsea Ballerini,72,9
Holiday,Lil Nas X,37,5
Hollow,Tori Kelly,68,11
Hollywood's Bleeding,Post Malone,15,6
Holy,Justin Bieber Featuring Chance The Rapper,3,13
Home,"Machine Gun Kelly, X Ambassadors & Bebe Rexha",90,5
Home Alone Tonight,Luke Bryan Featuring Karen Fairchild,38,19
Homecoming,Lil Uzi Vert,22,2
Homemade,Jake Owen,39,16
Homesick,Kane Brown,35,21
Hometown Girl,Josh Turner,56,16
Homicide,Logic Featuring Eminem,5,5
Honest,The Chainsmokers,77,4
Hooked,Dylan Scott,48,11
Hope,XXXTENTACION,70,2
Hopeless Romantic,Wiz Khalifa Featuring Swae Lee,72,7
Hot,Young Thug Featuring Gunna,11,26
Hot Girl Bummer,blackbear,11,42
Hot Girl Summer,"Megan Thee Stallion, Nicki Minaj & Ty Dolla $ign",11,16
Hot Now,YoungBoy Never Broke Again,66,5
Hot Shower,Chance The Rapper Featuring MadeinTYO & DaBaby,58,8
Hotel Key,Old Dominion,48,19
Hotline Bling,Drake,2,36
How Do You Sleep?,Sam Smith,24,20
How Far I'll Go,Alessia Cara,56,19
How Far I'll Go,Auli'i Cravalho,41,20
How I'll Always Be,Tim McGraw,70,12
How Long,Charlie Puth,21,24
How Not To,Dan + Shay,57,14
How You Like That,BLACKPINK,33,2
Human,Rag'n'Bone Man,74,7
Humble And Kind,Tim McGraw,30,20
Humble.,Kendrick Lamar,1,37
"Huntin', Fishin' & Lovin' Every Day",Luke Bryan,37,20
Hurricane,Luke Combs,31,22
Hymn For The Weekend,Coldplay,25,23
Hype,Drake,33,10
I,Lil Skies,39,4
I Am Who They Say I Am,YoungBoy Never Broke Again Featuring Kevin Gates & Quando Rondo,69,2
I Called Mama,Tim McGraw,53,12
I Can't Get Enough,"benny blanco, Tainy, Selena Gomez & J Balvin",66,5
I Could Use A Love Song,Maren Morris,56,21
I Do,Cardi B Featuring SZA,23,5
I Do It,Lil Wayne Featuring Big Sean & Lil Baby,33,2
I Don't Care,Ed Sheeran & Justin Bieber,2,39
I Don't Know About You,Chris Lane,39,20
I Don't Wanna Live Forever (Fifty Shades Darker),Zayn / Taylor Swift,2,23
I Fall Apart,Post Malone,16,30
I Feel It Coming,The Weeknd Featuring Daft Punk,4,26
I Forgot That You Existed,Taylor Swift,28,2
I Get The Bag,Gucci Mane Featuring Migos,11,27
I Got The Boy,Jana Kramer,56,16
I Got The Keys,DJ Khaled Featuring Jay Z & Future,30,17
I Got You,Bebe Rexha,43,11
I Hate U I Love U,gnash Featuring Olivia O'Brien,10,39
I Hope,Gabby Barrett Featuring Charlie Puth,3,51
I Hope You're Happy Now,Carly Pearce & Lee Brice,27,25
I Know Somebody,LOCASH,52,11
I Know What You Did Last Summer,Shawn Mendes & Camila Cabello,20,20
I Know You,Lil Skies Featuring Yung Pinch,79,3
I Like It,"Cardi B, Bad Bunny & J Balvin",1,51
I Like Me Better,Lauv,27,41
I Like The Sound Of That,Rascal Flatts,52,16
I Lived It,Blake Shelton,63,18
I Love It,Kanye West & Lil Pump,6,12
I Love Me,Demi Lovato,18,10
I Love My Country,Florida Georgia Line,40,20
I Love This Life,LOCASH,56,18
I Met A Girl,William Michael Morgan,60,9
I Should Probably Go To Bed,Dan + Shay,42,20
I Took A Pill In Ibiza,Mike Posner,4,37
I Was Jack (You Were Diane),Jake Owen,43,11
I Wish Grandpas Never Died,Riley Green,66,12
I'll Kill You,Summer Walker Featuring Jhene Aiko,61,3
I'll Name The Dogs,Blake Shelton,56,20
I'll Never Love Again,Lady Gaga,36,6
I'll Show You,Justin Bieber,19,12
I'm A Mess,Bebe Rexha,35,20
I'm Gonna Be,Post Malone,33,2
I'm Ready,Sam Smith & Demi Lovato,36,4
I'm So Tired...,Lauv & Troye Sivan,81,6
I'm The One,"DJ Khaled Featuring Justin Bieber, Quavo, Chance The Rapper & Lil Wayne",1,22
I'm Upset,Drake,7,16
I've Been Waiting,Lil Peep & iLoveMakonnen Featuring Fall Out Boy,62,9
IDGAF,Dua Lipa,49,23
IDOL,BTS Featuring Nicki Minaj,11,3
INTRO,DaBaby,13,6
Ice Cream,BLACKPINK X Selena Gomez,13,8
Ice Melts,Drake Featuring Young Thug,62,2
Ice Tray,Quavo & Lil Yachty,74,6
If I Can't Have You,Shawn Mendes,2,23
If I Told You,Darius Rucker,53,11
"If I'm Lyin, I'm Flyin",Kodak Black,56,3
If It Ain't Love,Jason Derulo,67,8
If The Boot Fits,Granger Smith,80,3
If The World Was Ending,JP Saxe Featuring Julia Michaels,27,29
Ignorantes,Bad Bunny & Sech,49,3
Imagine,Ariana Grande,21,8
Immortal,21 Savage,55,2
Immortal,J. Cole,11,5
In Between,Scotty McCreery,53,13
In Case You Didn't Know,Brett Young,19,28
In Control,YoungBoy Never Broke Again,73,2
In My Blood,Shawn Mendes,11,23
In My Feelings,Drake,1,22
In My Head,Ariana Grande,38,2
In The Name Of Love,Martin Garrix & Bebe Rexha,24,23
In The Night,The Weeknd,12,20
In Your Eyes,The Weeknd,16,15
Intentions,Justin Bieber Featuring Quavo,5,31
Into The Unknown,Idina Menzel & AURORA,46,12
Into The Unknown,Panic! At The Disco,98,2
Into You,Ariana Grande,13,24
Invisible String,Taylor Swift,37,2
Irresistible,Fall Out Boy,48,14
Is There More,Drake,36,2
Isis,Joyner Lucas Featuring Logic,59,2
Issues,Julia Michaels,11,29
It Ain't Me,Kygo x Selena Gomez,10,29
It Ain't My Fault,Brothers Osborne,79,16
It All Comes Out In The Wash,Miranda Lambert,70,2
It Don't Hurt Like It Used To,Billy Currington,44,17
It's A Vibe,"2 Chainz Featuring Ty Dolla $ign, Trey Songz & Jhene Aiko",44,20
It's Beginning To Look A Lot Like Christmas,Michael Buble,33,4
It's Beginning To Look A Lot Like Christmas,Perry Como And The Fontane Sisters With Mitchell Ayres And His Orchestra,12,7
It's Goin' Down,Descendants 2 Cast,77,4
It's The Most Wonderful Time Of The Year,Andy Williams,6,19
It's You,Ali Gatie,70,15
Jackie Chan,Tiesto & Dzeko Featuring Preme & Post Malone,52,19
Jaded,Drake,32,2
Japan,Famous Dex,28,15
Jerry Sprunger,Tory Lanez & T-Pain,44,10
Jimmy Choo,Fetty Wap,65,11
Jingle Bell Rock,Bobby Helms,3,34
Jocelyn Flores,XXXTENTACION,19,20
Jorja Interlude,Drake,49,2
Juice,Lizzo,82,4
Juice,Yo Gotti,90,6
Juicy,Doja Cat & Tyga,41,20
Juju On That Beat (TZ Anthem),Zay Hilfigerrr & Zayion McCall,5,21
July,Noah Cyrus & Leon Bridges,85,16
Jump,DaBaby Featuring YoungBoy Never Broke Again,17,4
Jumpin On A Jet,Future,57,2
Jumpman,Drake & Future,12,32
Jumpsuit,twenty one pilots,50,3
Just Hold On,Steve Aoki & Louis Tomlinson,52,6
Just Like Fire,P!nk,10,26
Just Like Magic,Ariana Grande,43,2
Just Us,DJ Khaled Featuring SZA,43,13
KEKE,"6ix9ine, Fetty Wap & A Boogie Wit da Hoodie",43,8
KIKA,6ix9ine Featuring Tory Lanez,44,6
KMT,Drake Featuring Giggs,48,2
KOD,J. Cole,10,12
Kacey Talk,YoungBoy Never Broke Again,50,14
Kamikaze,Eminem,16,3
Keanu Reeves,Logic,38,3
Kelly Price,Migos Featuring Travis Scott,58,2
Kevin's Heart,J. Cole,8,5
Key To The Streets,YFN Lucci Featuring Migos & Trouble,70,10
Kill A Word,Eric Church Featuring Rhiannon Giddens,71,15
Kill Em With Kindness,Selena Gomez,39,15
Kill This Love,BLACKPINK,41,4
Killshot,Eminem,3,8
Kinfolks,Sam Hunt,34,21
King Of My City,A Boogie Wit da Hoodie,69,3
King's Dead,"Jay Rock, Kendrick Lamar, Future & James Blake",21,20
Kings & Queens,Ava Max,13,19
Kiss,Prince And The Revolution,1,20
Kiss It Better,Rihanna,62,12
Kiss Somebody,Morgan Evans,53,8
Knockin' Boots,Luke Bryan,31,22
Know No Better,"Major Lazer Featuring Travis Scott, Camila Cabello & Quavo",87,2
Know Your Worth,Khalid x Disclosure,57,8
Kooda,6ix9ine,50,8
Krippy Kush,"Farruko, Nicki Minaj, Bad Bunny, 21 Savage & Rvssian",75,6
La Cancion,J Balvin & Bad Bunny,84,8
La Dificil,Bad Bunny,33,5
La Jeepeta,Nio Garcia x Anuel AA x Myke Towers x Brray x Juanka,93,10
La La Land,Bryce Vine Featuring YG,75,11
La Modelo,Ozuna x Cardi B,52,14
La Noche de Anoche,Bad Bunny & Rosalia,53,2
La Santa,Bad Bunny X Daddy Yankee,53,2
La Toxica,Farruko,95,4
Lalala,Y2K & bbno$,55,21
Last Christmas,Wham!,11,18
Last Memory,TakeOff,54,2
Last Shot,Kip Moore,53,8
Last Time I Say Sorry,Kane Brown & John Legend,89,2
Last Time That I Checc'd,Nipsey Hussle Featuring YG,76,3
Laugh Now Cry Later,Drake Featuring Lil Durk,2,18
Law,Yo Gotti Featuring E-40,79,9
Lay It All On Me,Rudimental Featuring Ed Sheeran,48,16
Lean On,Major Lazer & DJ Snake Featuring MO,4,48
Lean Wit Me,Juice WRLD,68,8
Leave Em Alone,"Layton Greene, Lil Baby, City Girls & PnB Rock",60,15
Leave Me Alone,Flipp Dinero,20,25
Legends,Kelsea Ballerini,68,12
Lemon,N*E*R*D & Rihanna,36,22
Lemonade,Internet Money & Gunna Featuring Don Toliver & NAV,6,18
Let It Fly,Lil Wayne Featuring Travis Scott,10,2
Let It Go,James Bay,16,34
"Let It Snow, Let It Snow, Let It Snow",Dean Martin,11,12
Let Me Down Slowly,Alec Benjamin + Alessia Cara,79,9
Let Me Go,Hailee Steinfeld & Alesso Featuring Florida Georgia Line & Watt,40,22
Let Me Know (I Wonder Why Freestyle),Juice WRLD,78,3
Let Me Love You,DJ Snake Featuring Justin Bieber,4,33
Let You Down,NF,12,28
Let's Go Crazy,Prince And The Revolution,1,21
Lets Link,WhoHeem,86,3
Letter To Nipsey,Meek Mill Featuring Roddy Ricch,73,2
Level Of Concern,twenty one pilots,23,11
Level Up,Ciara,59,6
Levitating,Dua Lipa Featuring DaBaby,20,11
Liar,Camila Cabello,52,11
Lie,NF,48,20
Life Changes,Thomas Rhett,36,14
Life Goes On,BTS,1,3
Life Goes On,Lil Baby Featuring Gunna & Lil Uzi Vert,74,6
Life Is Good,Future Featuring Drake,2,38
Life's A Mess,Juice WRLD X Halsey,9,6
Light It Up,Luke Bryan,57,19
Light It Up,Major Lazer Featuring Nyla & Fuse ODG,73,20
Lights Come On,Jason Aldean,43,19
Lights Down Low,MAX Featuring gnash,20,28
Lights Up,Harry Styles,17,3
Like I Loved You,Brett Young,46,20
Like I Would,Zayn,55,3
Like I'm Gonna Lose You,Meghan Trainor Featuring John Legend,8,39
Like It's Christmas,Jonas Brothers,44,4
Like That,Doja Cat Featuring Gucci Mane,50,18
Lil Top,YoungBoy Never Broke Again,28,2
Lion King On Ice,J. Cole,51,2
Liquor,Chris Brown,60,17
Little Bit Of You,Chase Bryant,71,11
Little Red Corvette,Prince,6,24
Litty,Meek Mill Featuring Tory Lanez,49,4
Living,Dierks Bentley,51,16
Lo Mein,Lil Uzi Vert,8,3
Location,Khalid,16,43
Locked Away,R. City Featuring Adam Levine,6,27
Lockjaw,French Montana Featuring Kodak Black,73,13
Lonely,Justin Bieber & benny blanco,14,9
Lonely Child,YoungBoy Never Broke Again,44,7
Lonely If You Are,Chase Rice,91,6
Look Alive,BlocBoy JB Featuring Drake,5,25
Look Alive,Rae Sremmurd,72,6
Look At Her Now.,Selena Gomez,27,3
Look At Me!,XXXTENTACION,34,20
Look Back At It,A Boogie Wit da Hoodie,27,31
Look What God Gave Her,Thomas Rhett,32,20
Look What You Made Me Do,Taylor Swift,1,20
Lose It,Kane Brown,28,20
Lose You To Love Me,Selena Gomez,1,23
Losin Control,Russ,62,19
Losing Sleep,Chris Young,60,20
Lost Boy,Ruth B,24,22
Lost In Japan,Shawn Mendes X Zedd,48,16
Lost In The Fire,Gesaffelstein & The Weeknd,27,6
Love,Lana Del Rey,44,2
Love Ain't,Eli Young Band,50,18
Love Drought,Beyonce,47,2
Love Galore,SZA Featuring Travis Scott,32,20
Love Lies,Khalid & Normani,9,51
Love Me Now,John Legend,23,19
Love On The Brain,Rihanna,5,31
Love So Soft,Kelly Clarkson,47,13
Love Someone,Brett Eldredge,52,10
Love Someone,Lukas Graham,70,10
Love Wins,Carrie Underwood,83,10
Love You Like I Used To,Russell Dickerson,31,15
Love You Too Late,Cole Swindell,49,14
Love Yourself,Justin Bieber,1,41
Love.,Kendrick Lamar Featuring Zacari,11,40
Lovely,Billie Eilish & Khalid,64,22
Lover,Taylor Swift,10,22
Lovin' On You,Luke Combs,23,20
Low Life,Future Featuring The Weeknd,18,35
Loyalty.,Kendrick Lamar Featuring Rihanna,14,26
Lucid Dreams,Juice WRLD,2,48
Lucky You,Eminem Featuring Joyner Lucas,6,14
Lush Life,Zara Larsson,97,2
Lust,Lil Skies,87,4
Lust.,Kendrick Lamar,42,2
Luv,Tory Lanez,19,22
M.I.L.F. $,Fergie,34,3
MAMA,6ix9ine Featuring Nicki Minaj & Kanye West,43,4
ME!,Taylor Swift Featuring Brendon Urie,2,20
MEGATRON,Nicki Minaj,20,5
MIA,Bad Bunny Featuring Drake,5,27
MIC Drop,BTS Featuring Desiigner,28,10
Mac 10,Trippie Redd Featuring Lil Baby & Lil Duke,64,2
Madiba Riddim,Drake,51,2
Magnolia,Playboi Carti,29,20
Make It Sweet,Old Dominion,56,20
Make Me (Cry),Noah Cyrus Featuring Labrinth,46,15
Make Me Like You,Gwen Stefani,54,5
Make Me Want To,Jimmie Allen,49,10
Make Me...,Britney Spears Featuring G-Eazy,17,9
Make No Sense,YoungBoy Never Broke Again,57,20
Make Up,Ariana Grande,48,2
Make You Miss Me,Sam Hunt,45,19
Malibu,Miley Cyrus,10,15
Mama Said,Lukas Graham,36,11
Mamacita,"Black Eyed Peas, Ozuna + J.Rey Soul",62,11
Man Of The Year,Juice WRLD,51,2
Many Men,21 Savage & Metro Boomin,33,2
Marry Me,Thomas Rhett,30,20
Martin & Gina,Polo G,61,19
Mask Off,Future,5,31
May We All,Florida Georgia Line Featuring Tim McGraw,30,20
Mayores,Becky G Featuring Bad Bunny,74,18
Me And My Guitar,A Boogie Wit da Hoodie,58,2
Me Too,Meghan Trainor,13,20
Me Vs Me,Moneybagg Yo,88,2
"Me, Myself & I",G-Eazy x Bebe Rexha,7,37
Meant To Be,Bebe Rexha & Florida Georgia Line,2,52
Medicine,Queen Naija,45,20
Memories,Maroon 5,2,41
Mercy,Brett Young,29,20
Mercy,Shawn Mendes,15,32
Messin' Around,Pitbull Featuring Enrique Iglesias,64,7
Met Gala,Gucci Mane Featuring Offset,88,2
Mi Gente,J Balvin & Willy William Featuring Beyonce,3,30
Middle,DJ Snake Featuring Bipolar Sunshine,20,21
Middle Child,J. Cole,4,27
Middle Of A Memory,Cole Swindell,46,20
Midnight Sky,Miley Cyrus,14,17
Might Be,DJ Luke Nasty,78,10
Might Not,Belly Featuring The Weeknd,68,17
Million Reasons,Lady Gaga,4,20
Millionaire,Chris Stapleton,47,17
Mind Reader,Dustin Lynch,57,16
Mine,Bazzi,11,34
Mirrorball,Taylor Swift,26,2
Miss Me More,Kelsea Ballerini,47,20
Mixed Personalities,YNW Melly Featuring Kanye West,42,17
Mo Bamba,Sheck Wes,6,28
Mob Ties,Drake,13,7
Mona Lisa,Lil Wayne Featuring Kendrick Lamar,2,8
Money,Cardi B,13,26
Money Bag,Cardi B,58,2
Money In The Grave,Drake Featuring Rick Ross,7,23
Money Longer,Lil Uzi Vert,54,22
Monopoly,Ariana Grande & Victoria Monet,69,2
Monster,21 Savage,73,3
Monster,Shawn Mendes & Justin Bieber,8,4
Mood,24kGoldn Featuring iann dior,1,19
Mood Swings,Pop Smoke Featuring Lil Tjay,17,20
Moolah,Young Greatness,85,9
Moonlight,XXXTENTACION,13,20
Moral Of The Story,Ashe Featuring Niall Horan,71,2
More Girls Like You,Kip Moore,66,12
More Hearts Than Mine,Ingrid Andress,30,20
More Than My Hometown,Morgan Wallen,15,26
Most Girls,Hailee Steinfeld,58,16
Most People Are Good,Luke Bryan,43,18
Mother's Daughter,Miley Cyrus,54,3
Motiv8,J. Cole,15,2
Motivation,Normani,33,10
Motive,Ariana Grande Featuring Doja Cat,32,2
MotorSport,"Migos, Nicki Minaj & Cardi B",6,22
Move,Luke Bryan,50,14
Move Ya Hips,A$AP Ferg Featuring  Nicki Minaj & MadeinTYO,19,2
Moves,Big Sean,38,18
Mr. Misunderstood,Eric Church,84,5
Mr. Right Now,21 Savage & Metro Boomin Featuring Drake,10,11
Murder On My Mind,YNW Melly,14,20
My Bad,Khalid,77,2
My Boo,Ghost Town DJ's,27,36
My Choppa Hate N****s,21 Savage & Metro Boomin,73,2
My Church,Maren Morris,50,20
My Dawg,Lil Baby,71,7
My Ex's Best Friend,Machine Gun Kelly X blackbear,28,18
My Future,Billie Eilish,6,6
My Girl,Dylan Scott,39,20
My House,Flo Rida,4,39
My Oh My,Camila Cabello Featuring DaBaby,12,27
My Old Man,Zac Brown Band,68,3
My PYT,Wale,54,15
My Sh*t,A Boogie Wit da Hoodie,86,11
My Strange Addiction,Billie Eilish,43,4
My Tears Ricochet,Taylor Swift,16,2
My Truck,Breland,92,2
My Type,Saweetie,21,20
My Way,Calvin Harris,24,10
My Window,YoungBoy Never Broke Again Featuring Lil Wayne,35,2
Myron,Lil Uzi Vert,13,7
NASA,Ariana Grande,17,3
NASTY,DaBaby Featuring Ashanti & Megan Thee Stallion,50,2
NBAYoungboat,Lil Yachty Featuring NBA YoungBoy,63,4
Narcos,Migos,36,15
Natural,Imagine Dragons,13,27
Need It,Migos Featuring YoungBoy Never Broke Again,62,15
Need Me,J.I The Prince Of N.Y,95,2
Needed Me,Rihanna,7,45
Needy,Ariana Grande,14,4
Neighbors,J. Cole,13,6
Neon Guts,Lil Uzi Vert Featuring Pharrell Williams,79,2
Never Be Like You,Flume Featuring Kai,20,26
Never Be The Same,Camila Cabello,6,37
Never Enough,Loren Allred,88,4
Never Forget You,Zara Larsson & MNEK,13,23
Never Really Over,Katy Perry,15,13
Never Recover,Lil Baby & Gunna Featuring Drake,15,8
Nevermind,Dennis Lloyd,86,4
New Americana,Halsey,60,17
New Freezer,Rich The Kid Featuring Kendrick Lamar,41,19
New Patek,Lil Uzi Vert,24,7
New Romantics,Taylor Swift,46,8
New Rules,Dua Lipa,6,48
Nice For What,Drake,1,25
Nice To Meet Ya,Niall Horan,63,14
Night Shift,Jon Pardi,56,16
Night's On Fire,David Nail,81,5
Nightmare,Halsey,15,11
Nights Like This,Kehlani Featuring Ty Dolla $ign,67,9
No,Meghan Trainor,3,20
No Brainer,"DJ Khaled Featuring Justin Bieber, Chance The Rapper & Quavo",5,15
No Bystanders,Travis Scott,31,2
No Complaints,Metro Boomin Featuring Offset & Drake,71,5
No Excuses,Meghan Trainor,46,12
No Favors,Big Sean Featuring Eminem,22,3
No Frauds,"Nicki Minaj, Drake & Lil Wayne",14,7
No Guidance,Chris Brown Featuring Drake,5,46
No Heart,21 Savage & Metro Boomin,43,19
No Idea,Don Toliver,43,11
No Limit,G-Eazy Featuring A$AP Rocky & Cardi B,4,29
No Limit,Usher Featuring Young Thug,32,20
No Long Talk,Drake Featuring Giggs,40,2
No Me Conoce,"Jhay Cortez, J Balvin & Bad Bunny",71,14
No Money,Galantis,88,5
No Problem,Chance The Rapper Featuring Lil Wayne & 2 Chainz,43,26
No Promises,A Boogie Wit da Hoodie,74,2
No Promises,Cheat Codes Featuring Demi Lovato,38,23
No Role Modelz,J. Cole,36,25
No Roots,Alice Merton,84,3
No Shopping,French Montana Featuring Drake,36,11
No Smoke,YoungBoy Never Broke Again,61,18
No Stylist,French Montana Featuring Drake,47,20
No Such Thing As A Broken Heart,Old Dominion,46,19
No Tears Left To Cry,Ariana Grande,3,27
No Time To Die,Billie Eilish,16,3
Nobody But You,Blake Shelton Duet With Gwen Stefani,18,25
Nobody Else But You,Trey Songz,92,3
Nobody To Blame,Chris Stapleton,68,15
Nobody's Love,Maroon 5,41,10
Noise,Kenny Chesney,72,14
None Of Your Concern,Jhene Aiko Featuring Big Sean,55,2
Nonstop,Drake,2,22
Not Alike,Eminem Featuring Royce Da 5'9,24,3
Not Nice,PARTYNEXTDOOR,82,7
Nothin' Like You,Dan + Shay,51,19
Nothing Breaks Like A Heart,Mark Ronson Featuring Miley Cyrus,43,13
Nothings Into Somethings,Drake,61,2
Notice Me,Migos Featuring Post Malone,52,5
Noticed,Lil Mosey,80,10
Now Or Never,Halsey,17,20
Nowadays,Lil Skies Featuring Landon Cube,55,13
Nuketown,Ski Mask The Slump God Featuring Juice WRLD,63,6
Numb,XXXTENTACION,80,3
Numbers,"A Boogie Wit da Hoodie Featuring Roddy Ricch, Gunna & London On Da Track",23,3
OK Not To Be OK,Marshmello & Demi Lovato,36,6
ON,BTS,4,2
OOOUUU,Young M.A,19,20
ORANGE SODA,Baby Keem,98,3
OTW,DJ Luke Nasty,71,8
OTW,"Khalid, Ty Dolla $ign & 6LACK",57,18
Ocean,Martin Garrix Featuring Khalid,78,5
Ocean,TK Kravitz Featuring Jacqueez,76,3
Ocean Eyes,Billie Eilish,84,20
Off The Table,Ariana Grande Featuring The Weeknd,35,2
Old Town Road,Lil Nas X Featuring Billy Ray Cyrus,1,45
Omerta,Drake,35,2
On Chill,Wale Featuring Jeremih,22,23
On God,Kanye West,23,2
On Me,Lil Baby,30,2
On Me,Meek Mill Featuring Cardi B,30,2
On My Mind,Ellie Goulding,13,22
On My Way To You,Cody Johnson,78,16
On The Road,Post Malone Featuring Meek Mill & Lil Baby,22,4
One Beer,HARDY Featuring Lauren Alaina & Devin Dawson,33,25
One Big Country Song,LOCASH,50,11
One Call Away,Charlie Puth,12,26
One Dance,Drake Featuring WizKid & Kyla,1,36
One Foot,WALK THE MOON,65,8
One Kiss,Calvin Harris & Dua Lipa,26,21
One Man Band,Old Dominion,20,28
One Margarita,Luke Bryan,19,20
One Night Standards,Ashley McBryde,76,15
One Number Away,Luke Combs,34,20
One Of Them Girls,Lee Brice,17,26
One That Got Away,Michael Ray,67,9
One Thing Right,Marshmello & Kane Brown,36,23
One Too Many,Keith Urban Duet With P!nk,62,4
Only Human,Jonas Brothers,18,36
Ophelia,The Lumineers,66,12
Oprah's Bank Account,"Lil Yachty, Drake & DaBaby",55,6
Ordinary Life,The Weeknd,72,2
Otherside,Post Malone,46,2
Otherside Of America,Meek Mill,64,2
Otro Trago,"Sech, Darell, Nicky Jam, Ozuna & Anuel AA",34,20
Oui,Jeremih,19,27
Out Of The Woods,Taylor Swift,18,10
Out The Mud,Lil Baby Featuring Future,70,3
Out West,JACKBOYS Featuring Young Thug,38,22
Outside Today,YoungBoy Never Broke Again,31,19
Over Now,Calvin Harris X The Weeknd,38,5
Over Now,Post Malone,24,3
Overdose,YoungBoy Never Broke Again,42,9
P*$$y Fairy (OTW),Jhene Aiko,40,25
P2,Lil Uzi Vert,11,6
POP STAR,DaBaby Featuring Kevin Gates,49,2
PPAP (Pen-Pineapple-Apple-Pen),PIKOTARO,77,4
PTSD,"G Herbo Featuring Chance The Rapper, Juice WRLD & Lil Uzi Vert",38,5
Pain 1993,Drake Featuring Playboi Carti,7,3
Panda,Desiigner,1,40
Panini,Lil Nas X,5,32
Parachute,Chris Stapleton,78,5
Paradise,Bazzi,91,2
Paramedic!,SOB X RBE,65,4
Paranoid,Post Malone,11,6
Paris,The Chainsmokers,6,20
Party,Chris Brown Featuring Usher & Gucci Mane,40,20
Party Girl,StaySolidRocky,21,20
Party Monster,The Weeknd,16,19
Passionfruit,Drake,8,20
Past Life,Trevor Daniel x Selena Gomez,77,5
Patek Water,Future & Young Thug Featuring Offset,50,4
Patty Cake,Kodak Black,76,3
Peak,Drake,38,2
Peek A Boo,Lil Yachty Featuring Migos,78,4
Perfect,Ed Sheeran,1,57
Perfect,One Direction,10,20
Perfect Illusion,Lady Gaga,15,5
Perplexing Pegasus,Rae Sremmurd,84,3
Peta,Roddy Ricch Featuring Meek Mill,72,4
Peter Pan,Kelsea Ballerini,35,20
Photograph,J. Cole,14,2
Pick It Up,Famous Dex Featuring A$AP Rocky,54,20
Pick Up The Phone,Young Thug And Travis Scott Featuring Quavo,43,20
Piece By Piece,Kelly Clarkson,8,15
Pillowtalk,Zayn,1,24
Pills And Automobiles,"Chris Brown Featuring Yo Gotti, A Boogie Wit da Hoodie & Kodak Black",46,20
Plain Jane,A$AP Ferg Featuring Nicki Minaj,26,25
Play No Games,Big Sean Featuring Chris Brown & Ty Dolla $ign,84,14
Play That Song,Train,41,20
Playing Games,Summer Walker,16,20
Please Me,Cardi B & Bruno Mars,3,20
Plug Walk,Rich The Kid,13,20
Pop Out,Polo G Featuring Lil Tjay,11,27
Pop Style,Drake Featuring The Throne,16,20
Popstar,DJ Khaled Featuring Drake,3,19
Portland,Drake Featuring Quavo & Travis Scott,9,16
Positions,Ariana Grande,1,8
Power Is Power,"SZA, The Weeknd & Travis Scott",90,2
Powerglide,Rae Sremmurd & Juicy J,28,17
Practice,DaBaby,86,4
Praise The Lord (Da Shine),A$AP Rocky Featuring Skepta,45,8
Pray For Me,The Weeknd & Kendrick Lamar,7,20
Pray You Catch Me,Beyonce,37,2
Prayed For You,Matt Stell,36,20
Praying,Kesha,22,21
Prblms,6LACK,72,8
Press,Cardi B,16,16
Pretty Heart,Parker McCollum,36,20
Prices,Lil Uzi Vert,25,2
Pride.,Kendrick Lamar,37,2
Prisoner,Miley Cyrus Featuring Dua Lipa,54,4
Privacy,Chris Brown,62,17
Promise,Kid Ink Featuring Fetty Wap,57,14
Promises,Calvin Harris & Sam Smith,65,12
Proud,2 Chainz Featuring YG & Offset,96,2
Psycho,Post Malone Featuring Ty Dolla $ign,1,39
Pt. 2,Kanye West,54,3
Pure Cocaine,Lil Baby,46,15
Pure Water,Mustard & Migos,23,25
Purple Lamborghini,Skrillex & Rick Ross,33,10
Purple Rain,Prince And The Revolution,2,18
Purpose,Justin Bieber,43,7
Put A Date On It,Yo Gotti Featuring Lil Baby,46,20
Put Your Records On,Ritt Momney,79,8
Que Pretendes,J Balvin & Bad Bunny,65,4
Queen Of Mean,Sarah Jeffery,49,8
Questions,Chris Brown,78,13
R.I.P Screw,Travis Scott,26,2
RAW SHIT,DaBaby Featuring Migos,51,2
RGF Island,Fetty Wap,57,14
RITMO (Bad Boys For Life),Black Eyed Peas X J Balvin,26,27
Racks In The Middle,Nipsey Hussle Featuring Roddy Ricch & Hit-Boy,26,10
Rags2Riches,Rod Wave Featuring ATR Son Son,12,20
Rain On Me,Lady Gaga & Ariana Grande,1,20
Raised On Country,Chris Young,54,13
Rake It Up,Yo Gotti Featuring Nicki Minaj,8,22
Ran$om,Lil Tecca,4,31
Rap Devil,Machine Gun Kelly,13,4
Rap Saved Me,"21 Savage, Offset & Metro Boomin Featuring Quavo",64,3
Rare,Selena Gomez,30,7
Really Really,Kevin Gates,46,26
Rearview Town,Jason Aldean,40,18
Reborn,KIDS SEE GHOSTS,39,2
Record Year,Eric Church,44,20
Red Opps,21 Savage,74,5
Red Room,Offset,49,3
Red Roses,Lil Skies Featuring Landon Cube,69,20
Redbone,Childish Gambino,12,44
Redemption,Drake,61,3
Relacion,"Sech, Daddy Yankee & J Balvin Featuring Rosalia & Farruko",64,11
Relationship,Young Thug Featuring Future,65,14
Remember You Young,Thomas Rhett,53,18
Remind Me To Forget,Kygo Featuring Miguel,63,11
Reminder,The Weeknd,31,16
Reply,A Boogie Wit da Hoodie Featuring Lil Uzi Vert,49,2
Revenge,XXXTENTACION,77,2
Rewrite The Stars,Zac Efron & Zendaya,70,7
Ric Flair Drip,Offset & Metro Boomin,13,31
Rich,Maren Morris,62,8
Rich & Sad,Post Malone,14,6
Rich As Hell,YoungBoy Never Broke Again,79,2
Rich N*gga Sh*t,21 Savage & Metro Boomin Featuring Young Thug,26,2
Ride,twenty one pilots,5,39
Ride It.,Regard,62,10
Ridin' Roads,Dustin Lynch,47,20
Right Back,Khalid Featuring A Boogie Wit da Hoodie,73,11
Right Hand,Drake,58,19
Righteous,Juice WRLD,11,16
Ring,Cardi B Featuring Kehlani,28,20
Rise,Katy Perry,11,9
River,Eminem Featuring Ed Sheeran,11,13
Road Less Traveled,Lauren Alaina,67,12
Robbery,Juice WRLD,27,18
Rock,Plies,95,5
Rock On,Tucker Beathard,62,10
Rockabye,Clean Bandit Featuring Sean Paul & Anne-Marie,9,27
Rockin',The Weeknd,44,2
Rockin' Around The Christmas Tree,Brenda Lee,2,37
Rockin' Around The Christmas Tree,Justin Bieber,71,3
Rockstar,DaBaby Featuring Roddy Ricch,1,35
Rockstar,Post Malone Featuring 21 Savage,1,41
Rodeo,Lil Nas X & Cardi B Or Nas,22,8
Rolex,Ayo & Teo,20,25
Roll In Peace,Kodak Black Featuring XXXTENTACION,31,26
Rollin,Calvin Harris Featuring Future & Khalid,62,2
Roses,SAINt JHN,4,34
Roses,The Chainsmokers Featuring Rozes,6,31
Roses,benny blanco & Juice WRLD Featuring Brendon Urie,85,6
Round Here Buzz,Eric Church,56,19
Roxanne,Arizona Zervas,4,26
Rubbin Off The Paint,YBN Nahmir,46,16
Rudolph The Red-Nosed Reindeer,Gene Autry,16,11
Ruin My Life,Zara Larsson,76,7
Rumor,Lee Brice,25,20
Run Rudolph Run,Chuck Berry,29,7
Runnin,21 Savage & Metro Boomin,9,7
SOS,Avicii Featuring Aloe Blacc,68,3
STOOPID,6ix9ine Featuring Bobby Shmurda,25,9
SUGAR,BrockHampton,66,8
Sacrifices,Drake Featuring 2 Chainz & Young Thug,36,3
Sad!,XXXTENTACION,1,38
Safaera,"Bad Bunny, Jowell & Randy & Nengo Flow",81,7
Said Sum,Moneybagg Yo,17,22
Saint-Tropez,Post Malone,18,6
Same Bitches,Post Malone Featuring G-Eazy & YG,20,3
Same Old Love,Selena Gomez,5,28
Sandcastles,Beyonce,43,2
Sandra's Rose,Drake,27,2
Sanguine Paradise,Lil Uzi Vert,28,15
Santa Tell Me,Ariana Grande,32,7
Sativa,Jhene Aiko Featuring Swae Lee Or Rae Sremmurd,74,16
Saturday Nights,Khalid & Kane Brown,57,12
Sauce It Up,Lil Uzi Vert,49,15
Savage,Megan Thee Stallion,1,28
Savage Love (Laxed - Siren Beat),Jawsh 685 x Jason Derulo,1,26
Save Your Tears,The Weeknd,41,2
Saved,Ty Dolla $ign Featuring E-40,81,9
Say A',A Boogie Wit da Hoodie,75,2
Say Amen (Saturday Night),Panic! At The Disco,60,2
Say It,Flume Featuring Tove Lo,60,4
Say It,Tory Lanez,23,24
Say So,Doja Cat Featuring Nicki Minaj,1,38
Say Something,Justin Timberlake Featuring Chris Stapleton,9,16
Say You Won't Let Go,James Arthur,11,52
Scared To Be Lonely,Martin Garrix & Dua Lipa,76,14
Scars To Your Beautiful,Alessia Cara,8,43
Screw Juice,Juice WRLD,46,2
Secreto,Anuel AA & Karol G,68,11
Secrets,The Weeknd,47,2
See You Again,Wiz Khalifa Featuring Charlie Puth,1,52
Seein' Red,Dustin Lynch,55,9
Selah,Kanye West,19,2
Self Care,Mac Miller,33,3
Self Control,YoungBoy Never Broke Again,50,11
Selfish,Future Featuring Rihanna,37,10
Selfish,PnB Rock,51,19
Send My Love (To Your New Lover),Adele,8,27
Senorita,Shawn Mendes & Camila Cabello,1,37
Setting Fires,The Chainsmokers Featuring XYLO,71,2
Setting The World On Fire,Kenny Chesney Featuring P!nk,29,20
Seven,Taylor Swift,35,2
Sex With Me,Rihanna,83,14
Shaky Shaky,Daddy Yankee,88,2
Shallow,Lady Gaga & Bradley Cooper,1,45
Shameless,Camila Cabello,60,3
Shape Of You,Ed Sheeran,1,59
She Bad,Cardi B & YG,57,2
She Got The Best Of Me,Luke Combs,31,23
She's Got A Way With Words,Blake Shelton,61,12
She's Mine Pt. 1,J. Cole,22,2
She's With Me,High Valley,79,8
Shining,DJ Khaled Featuring Beyonce & JAY Z,57,13
Shoota,Playboi Carti Featuring Lil Uzi Vert,46,4
Shot Clock,Ella Mai,62,16
Shotta Flow,NLE Choppa,36,20
Shotta Flow 5,NLE Choppa,54,3
Shout Out To My Ex,Little Mix,69,2
Show Yourself,Idina Menzel & Evan Rachel Wood,70,3
Si Veo A Tu Mama,Bad Bunny,32,5
Sick Boy,The Chainsmokers,65,3
Sicko Mode,Travis Scott,1,52
Side Effects,The Chainsmokers Featuring Emily Warren,66,6
Side To Side,Ariana Grande Featuring Nicki Minaj,4,28
Sidewalks,The Weeknd Featuring Kendrick Lamar,27,4
Sign Of The Times,Harry Styles,4,13
Signs,Drake,36,6
Silence,Marshmello Featuring Khalid,30,23
Silly Watch,Lil Uzi Vert,9,2
Simple,Florida Georgia Line,32,20
Sin Pijama,Becky G + Natti Natasha,70,12
Single Again,Big Sean,64,3
Singles You Up,Jordan Davis,50,19
Sit Next To Me,Foster The People,42,20
"Sit Still, Look Pretty",Daya,28,24
Six Feet Apart,Luke Combs,58,2
Six Feet Under,The Weeknd,34,4
Sixteen,Thomas Rhett,42,15
Sky Walker,Miguel Featuring Travis Scott,29,26
Sleep Without You,Brett Young,47,18
Sleigh Ride,The Ronettes,19,10
Slide,Calvin Harris Featuring Frank Ocean & Migos,25,20
Slide,H.E.R. Featuring YG,43,20
Slide Away,Miley Cyrus,47,6
Slidin,21 Savage & Metro Boomin,32,2
Slippery,Migos Featuring Gucci Mane,29,21
Slow Dance In A Parking Lot,Jordan Davis,37,19
Slow Dancing In The Dark,Joji,69,13
Slow Hands,Niall Horan,11,31
Small Town Boy,Dustin Lynch,36,20
Smile,Juice WRLD & The Weeknd,8,10
Smile (Living My Best Life),Lil' Duval Featuring Snoop Dogg & Ball Greezy,56,19
Smoke Break,Carrie Underwood,43,19
Smooth,Florida Georgia Line,89,7
Snapback,Old Dominion,50,20
Sneakin',Drake Featuring 21 Savage,28,14
Snow On Tha Bluff,J. Cole,54,2
So Done,The Kid LAROI,59,7
Sober,Demi Lovato,47,3
Sober Saturday Night,Chris Young Featuring Vince Gill,47,11
Solitaires,Future Featuring Travis Scott,32,3
Solo,Clean Bandit Featuring Demi Lovato,58,13
Soltera,"Lunay, Daddy Yankee & Bad Bunny",66,17
Some Girls,Jameson Rodgers,29,16
Some Kind Of Drug,G-Eazy Featuring Marc E. Bassy,97,3
Some Of It,Eric Church,43,13
Somebody,"Internet Money, Lil Tecca & A Boogie Wit da Hoodie",96,4
Somebody Else Will,Justin Moore,59,12
Somebody To Love,Jordan Smith,21,2
Somebody's Problem,Morgan Wallen,25,3
Someone You Loved,Lewis Capaldi,1,54
Something In The Way You Move,Ellie Goulding,43,10
Something Just Like This,The Chainsmokers & Coldplay,3,39
Something New,Zendaya Featuring Chris Brown,93,3
Something Special,Pop Smoke,41,7
Somewhere On A Beach,Dierks Bentley,35,20
Song For Another Time,Old Dominion,59,18
Sorry,Beyonce,11,20
Sorry,Justin Bieber,1,42
Sorry Not Sorry,Bryson Tiller,67,15
Sorry Not Sorry,Demi Lovato,6,36
Sour Candy,Lady Gaga & BLACKPINK,33,2
South Of The Border,Ed Sheeran Featuring Camila Cabello & Cardi B,49,12
Southbound,Carrie Underwood,64,13
Space Cadet,Metro Boomin Featuring Gunna,51,6
Speak To A Girl,Tim McGraw & Faith Hill,61,2
Speechless,Dan + Shay,24,40
Splashin,Rich The Kid,90,4
Spoil My Night,Post Malone Featuring Swae Lee,15,5
Stand By You,Rachel Platten,37,20
Star Of The Show,Thomas Rhett,45,19
Starboy,The Weeknd Featuring Daft Punk,1,30
Stargazing,Travis Scott,8,8
Staring At The Sun,Post Malone Featuring SZA,34,2
Start Wit Me,Roddy Ricch & Gunna,56,13
Startender,A Boogie Wit da Hoodie Featuring Offset & Tyga,59,9
Starting Over,Chris Stapleton,25,16
Starving,Hailee Steinfeld & Grey Featuring Zedd,12,29
Stay,Post Malone,17,4
Stay,Zedd & Alessia Cara,7,31
Stay A Little Longer,Brothers Osborne,46,20
Stay High,Juice WRLD,34,2
Stick Talk,Future,91,2
Still Goin Down,Morgan Wallen,46,2
Still Here,Drake,40,10
Stir Fry,Migos,8,21
Stitches,Shawn Mendes,4,52
Stop Trying To Be God,Travis Scott,27,2
Stressed Out,twenty one pilots,2,52
Strip It Down,Luke Bryan,30,20
Strip That Down,Liam Payne Featuring Quavo,10,28
Stuck In A Dream,Lil Mosey x Gunna,62,4
Stuck With U,Ariana Grande & Justin Bieber,1,18
Stupid Love,Lady Gaga,5,9
Subeme La Radio,"Enrique Iglesias Featuring Descemer Bueno, Zion & Lennox Or Sean Paul",81,9
Sucker,Jonas Brothers,1,47
Sucker For Pain,"Lil Wayne, Wiz Khalifa & Imagine Dragons With Logic & Ty Dolla $ign Feat. X Ambassadors",15,22
Sugar,Robin Schulz Featuring Francesco Yates,44,15
Suge,DaBaby,7,37
Suicidal,YNW Melly & Juice WRLD,20,20
Sum 2 Prove,Lil Baby,16,20
Summer Games,Drake,28,2
Summer Sixteen,Drake,6,14
Summertime Magic,Childish Gambino,44,4
Sunday Best,Surfaces,19,21
Sunflower (Spider-Man: Into The Spider-Verse),Post Malone & Swae Lee,1,53
"Sunrise, Sunburn, Sunset",Luke Bryan,35,16
Supalonely,BENEE Featuring Gus Dapperton,39,22
Survival,Drake,17,2
Swalla,Jason Derulo Featuring Nicki Minaj & Ty Dolla $ign,29,20
Swang,Rae Sremmurd,26,26
Sweet But Psycho,Ava Max,10,35
Swervin,A Boogie Wit da Hoodie Featuring 6ix9ine,38,20
Swish Swish,Katy Perry Featuring Nicki Minaj,46,10
T-Shirt,Migos,19,25
T-Shirt,Thomas Rhett,41,20
TATI,6ix9ine Featuring DJ SPINKING,46,5
THat Part,ScHoolboy Q Featuring Kanye West,40,20
TIC TOC,6ix9ine Featuring Lil Baby,53,3
TOES,DaBaby Featuring Lil Baby & Moneybagg Yo,28,13
Take Back Home Girl,Chris Lane Featuring Tori Kelly,55,12
Take It From Me,Jordan Davis,46,13
Take Me Home For Christmas,Dan + Shay,58,2
Take What You Want,Post Malone Featuring Ozzy Osbourne & Travis Scott,8,20
Take You Dancing,Jason Derulo,94,3
Taki Taki,"DJ Snake Featuring Selena Gomez, Ozuna & Cardi B",11,26
Takin' Shots,Post Malone,29,3
Taking A Walk,Trippie Redd,46,3
Talk,Khalid,3,46
Talk To Me,Tory Lanez & Rich The Kid,43,16
Talk Up,Drake Featuring JAY-Z,20,3
Talk You Out Of It,Florida Georgia Line,57,26
Tap,NAV Featuring Meek Mill,87,10
Tap In,Saweetie,20,19
Taste,Tyga Featuring Offset,8,29
Te Bote,"Casper Magico, Nio Garcia, Darell, Nicky Jam, Ozuna & Bad Bunny",36,21
Te Mudaste,Bad Bunny,60,2
Te Robare,Nicky Jam X Ozuna,91,6
Team,Iggy Azalea,42,8
Teenage Fever,Drake,35,4
Tell Me U Luv Me,Juice WRLD & Trippie Redd,38,4
Tell Me You Love Me,Demi Lovato,53,20
Tempo,Chris Brown,88,4
Tequila,Dan + Shay,21,50
"Thank U, Next",Ariana Grande,1,28
That Don't Sound Like You,Lee Brice,64,11
That Way,Lil Uzi Vert,20,12
That's A Rack,Lil Uzi Vert,76,5
That's How You Feel,Drake,37,2
That's My Girl,Fifth Harmony,73,3
That's On Me,Yella Beezy,56,20
That's What I Like,Bruno Mars,1,52
The 1,Taylor Swift,4,6
The Archer,Taylor Swift,69,2
The Bigger Picture,Lil Baby,3,20
The Bones,Maren Morris,12,52
The Box,Roddy Ricch,1,38
The Christmas Song,Lauren Daigle,55,2
The Christmas Song (Merry Christmas To You),Nat King Cole,11,25
The Climb Back,J. Cole,52,2
The Cure,Lady Gaga,39,14
The Feeling,Justin Bieber Featuring Halsey,31,7
The Fighter,Keith Urban Featuring Carrie Underwood,38,22
The Fix,Nelly Featuring Jeremih,62,20
The Git Up,Blanco Brown,14,20
The Greatest,Sia Featuring Kendrick Lamar,18,23
The Greatest Show,"Hugh Jackman, Keala Settle, Zac Efron, Zendaya & The Greatest Showman Ensemble",88,4
The Heart Part 4,Kendrick Lamar,22,2
The Hills,The Weeknd,1,48
The Last Great American Dynasty,Taylor Swift,13,2
The London,"Young Thug, J. Cole & Travis Scott",12,20
The Long Way,Brett Eldredge,65,12
The Man,Taylor Swift,23,8
The Middle,"Zedd, Maren Morris & Grey",5,40
The Night We Met,Lord Huron,84,4
The One,The Chainsmokers,78,2
The Ones That Didn't Make It Back Home,Justin Moore,46,16
The Other Side,SZA X Justin Timberlake,61,7
The Race,Tay-K,44,20
The Remedy For A Broken Heart (Why Am I So In Love),XXXTENTACION,55,5
The Ringer,Eminem,8,4
The Scotts,"THE SCOTTS, Travis Scott & Kid Cudi",1,13
The Sound Of Silence,Disturbed,42,20
The Story Of O.J.,JAY-Z,23,3
The Way I Am,Charlie Puth,61,7
The Way Life Goes,Lil Uzi Vert Featuring Nicki Minaj,24,23
The Ways,Khalid & Swae Lee,63,3
The Weekend,Brantley Gilbert,64,20
The Weekend,SZA,29,25
The Woo,Pop Smoke Featuring 50 Cent & Roddy Ricch,11,20
There Was This Girl,Riley Green,70,8
There's Nothing Holdin' Me Back,Shawn Mendes,6,34
Therefore I Am,Billie Eilish,2,6
These Heaux,Bhad Bhabie,77,3
They Don't Know,Jason Aldean,67,12
Think A Little Less,Michael Ray,54,16
Think Of You,Chris Young Duet With Cassadee Pope,40,20
This Feeling,The Chainsmokers Featuring Kelsea Ballerini,50,20
This Girl,Kungs vs Cookin' On 3 Burners,26,14
This Is America,Childish Gambino,1,17
This Is It,Scotty McCreery,42,20
This Is Me,Keala Settle & The Greatest Showman Ensemble,58,14
This Is What You Came For,Calvin Harris Featuring Rihanna,3,32
This Town,Niall Horan,20,22
Those Kinda Nights,Eminem Featuring Ed Sheeran,31,2
Thotiana,Blueface,8,20
Throat Baby (Go Baby),BRS Kash,69,9
Thru Your Phone,Cardi B,50,3
Thunder,Imagine Dragons,4,52
Thunderclouds,"Labrinth, Sia & Diplo Present... LSD",67,4
Tiimmy Turner,Desiigner,34,20
Time,NF,41,20
Time Flies,Drake,30,2
Timeless,A Boogie Wit da Hoodie Featuring DJ SPINKING,86,4
Tip Of My Tongue,Kenny Chesney,73,20
Tip Toe,Roddy Ricch Featuring A Boogie Wit da Hoodie,73,7
Titanic,Juice WRLD,14,2
To Die For,Sam Smith,46,6
To The Max,DJ Khaled Featuring Drake,53,4
Today,Brad Paisley,67,11
Tommy Lee,Tyla Yaweh & Post Malone,65,2
Too Good,Drake Featuring Rihanna,14,29
Too Good At Goodbyes,Sam Smith,4,24
Too Hotty,"Quavo, Takeoff & Offset",91,4
Too Much Sauce,DJ ESCO Featuring Future & Lil Uzi Vert,50,20
Too Much To Ask,Niall Horan,66,12
Took Her To The O,King Von,47,5
Toosie Slide,Drake,1,20
Toothbrush,DNCE,44,10
Top Of The World,Tim McGraw,73,13
Top Off,"DJ Khaled Featuring JAY Z, Future & B",22,7
Topanga,Trippie Redd,52,5
Trampoline,SHAED,13,39
Transportin',Kodak Black,46,16
Trap Queen,Fetty Wap,2,52
Treat You Better,Shawn Mendes,6,39
Triggered,Jhene Aiko,51,3
Trillionaire,Future Featuring YoungBoy Never Broke Again,34,4
Trip,Ella Mai,11,27
Trollz,6ix9ine & Nicki Minaj,1,4
True Colors,The Weeknd,48,2
Truth Hurts,Lizzo,1,42
Try Everything,Shakira,63,9
Try Me,The Weeknd,26,2
Tunnel Vision,Kodak Black,6,20
Turks,"NAV, Gunna & Travis Scott",17,11
Tusa,Karol G & Nicki Minaj,42,21
Twerk,City Girls Featuring Cardi B,29,13
Tyler Herro,Jack Harlow,34,8
U 2 Luv,Ne-Yo & Jeremih,66,8
U Played,MoneyBagg Yo Featuring Lil Baby,53,5
U With Me?,Drake,44,4
Uber Everywhere,MadeinTYO,51,20
Ultralight Beam,Kanye West,67,2
Un Dia (One Day),"J Balvin, Dua Lipa, Bad Bunny & Tainy",63,14
Unaccommodating,Eminem Featuring Young M.A,36,2
Undecided,Chris Brown,35,12
Under The Mistletoe,Kelly Clarkson & Brett Eldredge,59,2
Under The Sun,"Dreamville Featuring J. Cole, Lute & DaBaby",44,3
Underdog,Alicia Keys,69,4
Underneath The Tree,Kelly Clarkson,25,8
Undrunk,FLETCHER,61,6
Unforgettable,French Montana Featuring Swae Lee,3,42
Unforgettable,Thomas Rhett,47,20
Uno,Ambjaay,82,3
Unsteady,X Ambassadors,20,34
Untouchable,YoungBoy Never Broke Again,95,2
Up Down,Morgan Wallen Featuring Florida Georgia Line,49,20
Up Up And Away,Juice WRLD,42,2
Uproar,Lil Wayne,7,20
Uptown Vibes,Meek Mill Featuring Fabolous & Anuel AA,39,3
Used To Love You,Gwen Stefani,52,9
Used To This,Future Featuring Drake,14,18
VIBEZ,DaBaby,21,20
Valuable Pain,YoungBoy Never Broke Again,87,2
Venom,Eminem,43,5
Versace On The Floor,Bruno Mars,33,14
Vete,Bad Bunny,33,18
Vice,Miranda Lambert,47,19
Victorious,Panic! At The Disco,89,4
Ville Mentality,J. Cole,24,2
Violent Crimes,Kanye West,27,2
W O R K I N  M E,Quavo,52,15
WAKA,6ix9ine Featuring A Boogie Wit da Hoodie,51,3
WAP,Cardi B Featuring Megan Thee Stallion,1,19
WHAT TO DO?,JACKBOYS Featuring Don Toliver,56,2
WTF (Where They From),Missy Elliott Featuring Pharrell Williams,22,14
Wait,Maroon 5,24,24
Wake Up,Fetty Wap,50,13
Wake Up,Travis Scott,30,7
Wake Up In The Sky,Gucci Mane X Bruno Mars X Kodak Black,11,26
Walk Em Down,NLE Choppa Featuring Roddy Ricch,38,20
Walk It Talk It,Migos Featuring Drake,10,22
Walk Me Home,P!nk,49,20
Walk On Water,Eminem Featuring Beyonce,14,5
Walking On A Dream,Empire Of The Sun,65,5
Wanna Be That Song,Brett Eldredge,46,20
Wanted You,NAV Featuring Lil Uzi Vert,64,5
Wash Us In The Blood,Kanye West Featuring Travis Scott,49,2
Wasted,Juice WRLD Featuring Lil Uzi Vert,67,5
Wasted Time,Keith Urban,51,17
Wasted Times,The Weeknd,27,3
"Wat U Mean (Aye, Aye, Aye)",Dae Dae,66,17
Watch,Travis Scott Featuring Lil Uzi Vert & Kanye West,16,5
Watch Me,Silento,3,51
Watch Out,2 Chainz,64,11
Water,Ugly God,80,4
Water Under The Bridge,Adele,26,22
Watermelon Sugar,Harry Styles,1,37
Waves,Kanye West,71,2
Way Down We Go,KALEO,54,8
We Back,Jason Aldean,62,16
We Don't Talk Anymore,Charlie Puth Featuring Selena Gomez,9,24
We Paid,Lil Baby & 42 Dugg,10,22
We Went,Randy Houser,60,13
We Were,Keith Urban,65,15
Weak,AJR,73,11
Welcome To The Party,"Diplo, French Montana & Lil Pump Featuring Zhavia Ward",78,4
What A Man Gotta Do,Jonas Brothers,16,12
What About Us,P!nk,13,22
What Do You Mean?,Justin Bieber,1,31
What Happens In A Small Town,Brantley Gilbert + Lindsay Ell,53,14
What If I Never Get Over You,Lady Antebellum,40,21
What Ifs,Kane Brown Featuring Lauren Alaina,26,23
What Lovers Do,Maroon 5 Featuring SZA,9,22
What Makes You Country,Luke Bryan,54,11
What She Wants Tonight,Luke Bryan,46,17
What They Want,Russ,83,7
What You Know Bout Love,Pop Smoke,25,15
What's Free,Meek Mill Featuring Rick Ross & JAY-Z,20,2
What's My Name,"China Anne McClain, Thomas Doherty & Dylan Playfair",61,3
Whatever It Takes,Imagine Dragons,12,27
Whatever You Need,Meek Mill Featuring Chris Brown & Ty Dolla $ign,51,13
Whats Poppin,"Jack Harlow Featuring DaBaby, Tory Lanez & Lil Wayne",2,45
When Doves Cry,Prince,1,23
When It Rains It Pours,Luke Combs,33,20
When The Party's Over,Billie Eilish,29,32
When We,Tank,78,20
When We Were Young,Adele,14,20
Where Are U Now,Skrillex & Diplo With Justin Bieber,8,45
Where Ya At,Future Featuring Drake,28,25
Wherever I Go,OneRepublic,55,12
Whiskey Glasses,Morgan Wallen,17,27
White Christmas,Bing Crosby,12,19
White Iverson,Post Malone,14,30
Who Do You Love,The Chainsmokers Featuring 5 Seconds Of Summer,52,16
Who Needs Love,Trippie Redd,58,2
Whole Lotta Choppas,Sada Baby Featuring Nicki Minaj,35,3
Whoopty,CJ,51,6
Why We Drink,Justin Moore,50,15
Why You Always Hatin?,YG Featuring Drake & Kamaiyah,62,18
Wicked,Future,41,20
Wild Things,Alessia Cara,50,20
Wild Thoughts,DJ Khaled Featuring Rihanna & Bryson Tiller,2,21
Wildest Dreams,Taylor Swift,5,27
Wish I Knew You,The Revivalists,84,9
Wish Wish,DJ Khaled Featuring Cardi B & 21 Savage,19,15
Wish You Were Gay,Billie Eilish,31,11
Wishing,"DJ Drama Featuring Chris Brown, Skeme & Lyquin",77,14
Wishing Well,Juice WRLD,5,20
With You,Drake Featuring PARTYNEXTDOOR,47,7
With You Tonight / Hasta El Amanecer,Nicky Jam,73,19
Without Me,Halsey,1,52
Without You,The Kid LAROI,63,2
Woah,Lil Baby,15,21
Wokeuplikethis*,Playboi Carti Featuring Lil Uzi Vert,76,9
Wolves,Selena Gomez X Marshmello,20,23
"Woman, Amen",Dierks Bentley,53,12
Wonder,Shawn Mendes,18,10
Wonderful Christmastime,Paul McCartney,45,3
Work,Rihanna Featuring Drake,1,36
Work From Home,Fifth Harmony Featuring Ty Dolla $ign,4,34
Worth It,YK Osiris,48,25
Wouldn't Leave,Kanye West Featuring PARTYNEXTDOOR,24,2
Wow.,Post Malone,2,44
Writing On The Wall,"French Montana Featuring Post Malone, Cardi B & Rvssian",56,3
Written In The Sand,Old Dominion,51,20
X,21 Savage & Metro Boomin Featuring Future,36,21
X,Jonas Brothers Featuring Karol G,33,7
X,Lil Uzi Vert,81,2
X,Nicky Jam x J Balvin,41,21
X,"ScHoolboy Q, 2 Chainz & Saudi",49,5
XO TOUR Llif3,Lil Uzi Vert,7,34
XXX.,Kendrick Lamar Featuring U2,33,3
Xanny,Billie Eilish,35,4
Yah.,Kendrick Lamar,32,3
Yeah Boy,Kelsea Ballerini,65,13
Yellow Hearts,Ant Saunders,81,8
Yes Indeed,Lil Baby & Drake,6,29
Yessirskiii,Lil Uzi Vert & 21 Savage,26,2
Yikes,Kanye West,8,5
Yikes,Nicki Minaj,23,2
Yo Perreo Sola,Bad Bunny,53,17
Yosemite,Travis Scott,25,18
You,Jacquees,58,12
You & Me,Marc E. Bassy Featuring G-Eazy,58,16
You Broke Me First.,Tate McRae,50,17
You Broke Up With Me,Walker Hayes,62,19
You Da Baddest,Future Featuring Nicki Minaj,38,2
You Don't Own Me,Grace Featuring G-Eazy,57,20
You Gon' Learn,"Eminem Featuring Royce da 5'9"" & White Gold",52,2
You Got It,VEDO,87,3
You Look Good,Lady Antebellum,59,20
You Look Like I Need A Drink,Justin Moore,79,8
You Make It Easy,Jason Aldean,28,20
You Need To Calm Down,Taylor Swift,2,21
You Say,Lauren Daigle,29,43
You Should Be Here,Cole Swindell,31,20
You Should Be Sad,Halsey,26,18
You Should See Me In A Crown,Billie Eilish,41,8
You Stay,"DJ Khaled Featuring Meek Mill, J Balvin, Lil Baby & Jeremih",44,3
You Was Right,Lil Uzi Vert,40,28
You're Mines Still,Yung Bleu Featuring Drake,52,2
You're Welcome,Dwayne Johnson,65,12
Young Dumb & Broke,Khalid,18,36
Youngblood,5 Seconds Of Summer,7,48
Yours,Russell Dickerson,49,20
Yours If You Want It,Rascal Flatts,71,10
Youth,Troye Sivan,23,18
Yummy,Justin Bieber,2,15
ZEZE,Kodak Black Featuring Travis Scott & Offset,2,25
Zack And Codeine,Post Malone,23,3
Zero,Chris Brown,80,2
Zombie,Bad Wolves,54,17
homecoming queen?,Kelsea Ballerini,76,12
iSpy,KYLE Featuring Lil Yachty,4,30
idontwannabeyouanymore,Billie Eilish,96,3
ily,Surf Mesa Featuring Emilee,23,28
pov,Ariana Grande,40,6
whoa (mind in awe),XXXTENTACION,37,2
