award,artist_name,winner,year,streams,popularity
Best Tropical Latin Album,Fonseca,False,2016,1080749202,68.75
Best Latin Jazz Album,Antonio Adolfo,False,2017,1080749202,68.75
Best World Music Album,Nathalie Joachim,False,2019,1080749202,68.75
Best Reggae Album,SOJA,False,2016,1080749202,68.75
Best Regional Mexican Music Album (Including Tejano),Mariachi Los Camperos,True,2019,1080749202,68.75
Best Reggae Album,Raging Fyah,False,2016,1080749202,68.75
Best Reggae Album,Protoje,False,2018,1080749202,68.75
Best Latin Rock or Alternative Album,Lido Pimienta,False,2020,1080749202,68.75
Best Rap/Sung Performance,6lack,False,2018,1080749202,68.75
Best R&B Performance,Musiq Soulchild,False,2016,1080749202,68.75
Best Alternative Music Album,Björk,False,2018,1080749202,68.75
Best Rock Performance,Bones UK,False,2019,1080749202,68.75
Best Contemporary Christian Music Album,We The Kingdom,False,2020,1080749202,68.75
Best Comedy Album,Aziz Ansari,False,2019,1080749202,68.75
Best Rock Performance,Grace Potter,False,2020,1080749202,68.75
Best Contemporary Christian Music Album,Matt Maher,False,2017,1080749202,68.75
Best Contemporary Instrumental Album,Theo Croker,False,2019,1080749202,68.75
Best Large Jazz Ensemble Album,Chuck Owen,False,2017,1080749202,68.75
Best Folk Album,Joy Williams,False,2019,1080749202,68.75
"Best Latin Rock, Urban or Alternative Album",Bad Bunny,False,2019,1513537408,58.0
Best Jazz Instrumental Album,Peter Erskine,False,2016,1080749202,68.75
Best Bluegrass Album,Sister Sadie,False,2018,1080749202,68.75
Best Gospel Album,William Murphy,False,2019,1080749202,68.75
Best New Age Album,Superposition,False,2020,1080749202,68.75
Best Rock Performance,Brittany Howard,False,2020,1080749202,68.75
Best Americana Album,Madison Cunningham,False,2019,1080749202,68.75
Best Jazz Vocal Album,Sara Gazarek,False,2019,1080749202,68.75
Best Rap Album,Jay Electronica,False,2020,1080749202,68.75
"Best Latin Rock, Urban or Alternative Album",Bomba Estéreo,False,2017,1080749202,68.75
Best Regional Mexican Music Album (Including Tejano),Angela Aguilar,False,2018,1080749202,68.75
Best Roots Gospel Album,Ernie Haase,False,2020,1080749202,68.75
Best Music Video,FKA twigs,False,2019,1080749202,68.75
Best Regional Roots Music Album,Black Lodge Singers,False,2020,1080749202,68.75
"Best Latin Rock, Urban or Alternative Album",Residente,True,2017,1080749202,68.75
Best World Music Album,Bokanté,False,2019,1080749202,68.75
Best Americana Album,Marcus King,False,2020,1080749202,68.75
Best Latin Jazz Album,Chucho Valdés,True,2016,1080749202,68.75
Best Country Album,Brandy Clark,False,2016,1080749202,68.75
Record Of The Year,Luis Fonsi,False,2017,41447253,64.5
Best Large Jazz Ensemble Album,Scotty Barnhart,False,2018,1080749202,68.75
Best Gospel Album,Jekalyn Carr,False,2018,1080749202,68.75
Best Latin Jazz Album,Miguel Zenón,False,2017,1080749202,68.75
Best Pop Vocal Album,Ed Sheeran,False,2019,10197034159,70.15789473684211
Best Rock Album,Michael Kiwanuka,False,2020,1080749202,68.75
Best Folk Album,Rhiannon Giddens,False,2016,1080749202,68.75
Best Latin Jazz Album,Miguel Zenón,False,2018,1080749202,68.75
Best Dance Recording,The Chemical Brothers,True,2019,1080749202,68.75
Best Jazz Instrumental Album,John Scofield,True,2016,1080749202,68.75
Best Traditional Blues Album,Jimmie Vaughan,False,2019,1080749202,68.75
Best World Music Album,Angelique Kidjo,True,2019,1080749202,68.75
Best Jazz Vocal Album,René Marie,False,2016,1080749202,68.75
Best Contemporary Christian Music Album,Zach Williams,False,2018,1080749202,68.75
Best R&B Album,Gregory Porter,False,2020,1080749202,68.75
Best Large Jazz Ensemble Album,Christian McBride Big Band,True,2017,1080749202,68.75
Best Bluegrass Album,Thomm Jutz,False,2020,1080749202,68.75
Best Regional Mexican Music Album (Including Tejano),Julión Álvarez Y Su Norteño Banda,False,2017,1080749202,68.75
Best R&B Album,Ella Mai,False,2019,85884586,70.5
Best Jazz Instrumental Album,Chick Corea,True,2020,1080749202,68.75
Best Regional Roots Music Album,Rebirth Brass Band,False,2019,1080749202,68.75
Best Pop Solo Performance,Ariana Grande,False,2016,6148203839,70.16129032258064
Best Traditional Pop Vocal Album,Tony Bennett,False,2018,1080749202,68.75
Best Contemporary Blues Album,Gary Clark Jr.,True,2019,1080749202,68.75
Best Rap Performance,Kendrick Lamar,True,2017,2088786765,78.2
Best Music Video,Gary Clark Jr.,False,2019,1080749202,68.75
Best Music Film,Thom Yorke,False,2019,1080749202,68.75
Best Bluegrass Album,Michael Cleveland,False,2017,1080749202,68.75
Best Regional Roots Music Album,New Orleans Nightcrawlers,True,2020,1080749202,68.75
Best Bluegrass Album,Bobby Osborne,False,2017,1080749202,68.75
Best Reggae Album,Steel Pulse,False,2019,1080749202,68.75
Best Folk Album,Dom Flemons,False,2018,1080749202,68.75
Best Jazz Instrumental Album,Brad Mehldau,True,2019,1080749202,68.75
Best R&B Album,BJ The Chicago Kid,False,2016,1080749202,68.75
Best Jazz Vocal Album,Jazzmeia Horn,False,2019,1080749202,68.75
Best Tropical Latin Album,Felipe Peláez,False,2018,1080749202,68.75
Best Comedy Album,Patton Oswalt,False,2018,1080749202,68.75
Best Rap Album,Meek Mill,False,2019,522394456,73.0
Best Traditional Pop Vocal Album,Renée Zellweger,False,2020,1080749202,68.75
Best Traditional Blues Album,Elvin Bishop's Big Fun Trio,False,2017,1080749202,68.75
Best Urban Contemporary Album,Chloe x Halle,False,2018,1080749202,68.75
Best Jazz Instrumental Album,Joey DeFrancesco,False,2019,1080749202,68.75
Best Rock Performance,Kaleo,False,2017,1080749202,68.75
Best Comedy Album,Patton Oswalt,True,2016,1080749202,68.75
"Best Spoken Word Album (Includes Poetry, Audio Books & Storytelling)",Questlove,False,2018,1080749202,68.75
Best R&B Performance,Lucky Daye,False,2019,1080749202,68.75
Best Traditional R&B Performance,BJ The Chicago Kid,False,2019,1080749202,68.75
Best Contemporary Christian Music Album,Kanye West,True,2020,568170178,72.0
Best Pop Duo/Group Performance,Zedd,False,2018,421527037,77.0
Best Roots Gospel Album,Jason Crabb,True,2018,1080749202,68.75
Best Comedy Album,Tig Notaro,False,2016,1080749202,68.75
Best Children's Album,The Pop Ups,False,2018,1080749202,68.75
Best Latin Jazz Album,Gonzalo Rubalcaba,False,2020,1080749202,68.75
Best Roots Gospel Album,Gordon Mote,False,2016,1080749202,68.75
Best Traditional R&B Performance,William Bell,False,2016,1080749202,68.75
Best Folk Album,Sarah Jarosz,True,2016,1080749202,68.75
Best Gospel Album,Travis Greene,False,2017,1080749202,68.75
Album Of The Year,Sturgill Simpson,False,2016,1080749202,68.75
Best Latin Jazz Album,Andy González,False,2016,1080749202,68.75
"Best Spoken Word Album (Includes Poetry, Audio Books & Storytelling)",Courtney B. Vance,False,2018,1080749202,68.75
Best Latin Pop Album,La Santa Cecilia,False,2017,1080749202,68.75
Best Contemporary Christian Music Album,Zach Williams,True,2017,1080749202,68.75
Best Reggae Album,Devin Di Dakta,False,2016,1080749202,68.75
"Best Spoken Word Album (Includes Poetry, Audio Books & Storytelling)",David Sedaris,False,2018,1080749202,68.75
Best Melodic Rap Performance,Roddy Ricch,False,2020,1496803731,70.33333333333333
Best Regional Roots Music Album,Sean Ardoin,False,2018,1080749202,68.75
Best Contemporary Instrumental Album,Christian Scott aTunde Adjuah,False,2020,1080749202,68.75
Best Country Duo/Group Performance,Little Big Town,False,2020,1080749202,68.75
Best Pop Solo Performance,Adele,True,2016,84194804,0.5
Best Alternative Music Album,Brittany Howard,False,2020,1080749202,68.75
Best Bluegrass Album,Doyle Lawson,False,2019,1080749202,68.75
Best Latin Pop Album,Raquel Sofía,False,2018,1080749202,68.75
Best Traditional R&B Performance,PJ Morton,True,2018,1080749202,68.75
Best Latin Jazz Album,Jane Bunnett,False,2017,1080749202,68.75
Best Jazz Vocal Album,Jazzmeia Horn,False,2017,1080749202,68.75
Best World Music Album,Soweto Gospel Choir,True,2018,1080749202,68.75
Best Song Written For Visual Media,Jack Antonoff,False,2017,1080749202,68.75
Best Metal Performance,Periphery,False,2016,1080749202,68.75
Best Dance/Electronic Album,Bonobo,False,2017,1080749202,68.75
Best Traditional Blues Album,Ben Harper,False,2018,1080749202,68.75
Best Dance/Electronic Album,Baauer,False,2020,1080749202,68.75
Best Latin Pop Album,Sanalejo,False,2016,1080749202,68.75
Best Large Jazz Ensemble Album,John Beasley,False,2020,1080749202,68.75
Best Children's Album,Lucy Kalantari,True,2018,1080749202,68.75
Best Traditional R&B Performance,Anthony Hamilton,False,2017,1080749202,68.75
Best Dance Recording,Silk City,True,2018,1080749202,68.75
Best Reggae Album,Buju Banton,False,2020,1080749202,68.75
Best Progressive R&B Album,Chloe X Halle,False,2020,1080749202,68.75
Record Of The Year,Kendrick Lamar,False,2018,2088786765,78.2
Best Regional Roots Music Album,Northern Cree,False,2016,1080749202,68.75
Best Music Film,Itzhak Perlman,False,2018,1080749202,68.75
Best Latin Rock or Alternative Album,Bajofondo,False,2020,1080749202,68.75
Best Reggae Album,Etana,False,2018,1080749202,68.75
Best Alternative Music Album,Tame Impala,False,2020,5921044,83.0
Best Rock Performance,Big Thief,False,2020,1080749202,68.75
Best Contemporary Blues Album,Tedeschi Trucks Band,False,2017,1080749202,68.75
Best Children's Album,Justin Roberts,False,2017,1080749202,68.75
Best American Roots Performance,Brittany Howard,False,2020,1080749202,68.75
Best Folk Album,Robbie Fulks,False,2016,1080749202,68.75
Best Roots Gospel Album,Larry Cordle,False,2017,1080749202,68.75
Best Country Album,Ashley McBryde,False,2020,1080749202,68.75
Best Gospel Album,Todd Dulaney,False,2016,1080749202,68.75
Best Bluegrass Album,Noam Pikelny,False,2017,1080749202,68.75
Best Large Jazz Ensemble Album,Terraza Big Band,False,2019,1080749202,68.75
Best World Music Album,Buika,False,2017,1080749202,68.75
Best Traditional Blues Album,Guy Davis,False,2017,1080749202,68.75
"Best Spoken Word Album (Includes Poetry, Audio Books & Storytelling)",Eric Alexandrakis,False,2019,1080749202,68.75
Best Regional Roots Music Album,Na Wai ?Eha,False,2020,1080749202,68.75
Best Latin Pop Album,Alex Cuba,False,2017,1080749202,68.75
Best American Roots Performance,Anderson East,False,2018,1080749202,68.75
Best World Music Album,Caetano Veloso,False,2016,1080749202,68.75
Best Pop Solo Performance,Lady Gaga,False,2017,2704386480,72.66666666666667
Best Dance/Electronic Album,Sylvan Esso,False,2017,1080749202,68.75
Best Large Jazz Ensemble Album,Anat Cohen Tentet,False,2019,1080749202,68.75
Best Jazz Instrumental Album,Fred Hersch Trio,False,2018,1080749202,68.75
Best Comedy Album,Sarah Silverman,False,2017,1080749202,68.75
Best New Age Album,India.Arie,False,2017,1080749202,68.75
Best New Age Album,Steve Roach,False,2017,1080749202,68.75
Best Dance/Electronic Album,Apparat,False,2019,1080749202,68.75
Best Folk Album,Andrew Bird,False,2019,1080749202,68.75
Best Regional Roots Music Album,Na Hoa,False,2018,1080749202,68.75
Best Roots Gospel Album,Mark Bishop,False,2020,1080749202,68.75
Best Compilation Soundtrack For Visual Media,Taron Egerton,False,2019,1080749202,68.75
Best Folk Album,Joan Baez,False,2018,1080749202,68.75
Best Jazz Vocal Album,Kate McGarry,False,2018,1080749202,68.75
Best Gospel Album,Kirk Franklin,True,2019,1080749202,68.75
Best Regional Roots Music Album,Kalani Pe'a,True,2016,1080749202,68.75
Best Country Duo/Group Performance,Little Big Town,True,2017,1080749202,68.75
Best Reggae Album,Black Uhuru,False,2018,1080749202,68.75
Best Traditional R&B Performance,PJ Morton,False,2019,1080749202,68.75
Best Jazz Vocal Album,Catherine Russell,False,2019,1080749202,68.75
Best Children's Album,Falu,False,2018,1080749202,68.75
Best Gospel Album,Marvin Sapp,False,2017,1080749202,68.75
Best Bluegrass Album,The Travelin' McCourys,True,2018,1080749202,68.75
Best Comedy Album,Jim Gaffigan,False,2018,1080749202,68.75
Best Rap/Sung Performance,D.R.A.M.,False,2016,1080749202,68.75
Best Contemporary Christian Music Album,Tauren Wells,False,2020,1080749202,68.75
Best Rock Album,Fontaines D.C.,False,2020,1080749202,68.75
Best Rap Album,Travis Scott,False,2018,946141341,83.0
Best Traditional Pop Vocal Album,Rufus Wainwright,False,2020,1080749202,68.75
Best Gospel Album,Ricky Dillard,False,2020,1080749202,68.75
Best Contemporary Instrumental Album,Marcus Miller,False,2018,1080749202,68.75
Best Contemporary Christian Music Album,Jesus Culture,False,2018,1080749202,68.75
Best Contemporary Instrumental Album,Chuck Loeb,False,2016,1080749202,68.75
Best Traditional R&B Performance,Yebba,False,2020,1080749202,68.75
Best Contemporary Blues Album,Joe Louis Walker,False,2016,1080749202,68.75
Best Roots Gospel Album,Gaither Vocal Band,False,2016,1080749202,68.75
Best Gospel Album,CeCe Winans,True,2017,1080749202,68.75
Best Latin Jazz Album,Michael Spiro/Wayne Wallace La Orquesta Sinfonietta,False,2016,1080749202,68.75
Best Country Solo Performance,Brandy Clark,False,2020,1080749202,68.75
Best Gospel Album,Tim Bowman Jr.,False,2016,1080749202,68.75
Best Bluegrass Album,Claire Lynch,False,2016,1080749202,68.75
Best Dance Recording,Richard Bedford,False,2018,1080749202,68.75
Best Contemporary Blues Album,Fantastic Negrito,True,2020,1080749202,68.75
Best American Roots Performance,Alabama Shakes,True,2017,1080749202,68.75
Best Rock Performance,Phoebe Bridgers,False,2020,1080749202,68.75
Best R&B Performance,Ledisi,False,2017,1080749202,68.75
Best American Roots Performance,Yola,False,2019,1080749202,68.75
Best Music Film,Quincy Jones,True,2018,1080749202,68.75
Best R&B Performance,SZA,False,2017,57240932,67.5
Best Jazz Vocal Album,Kurt Elling,False,2018,1080749202,68.75
Best R&B Album,Musiq Soulchild,False,2017,1080749202,68.75
Best Contemporary Blues Album,North Mississippi Allstars,False,2020,1080749202,68.75
Best Reggae Album,Rebelution,False,2016,1080749202,68.75
Best Contemporary Instrumental Album,Snarky Puppy,True,2020,1080749202,68.75
"Best Latin Rock, Urban or Alternative Album",Monsieur Periné,False,2018,1080749202,68.75
Best Folk Album,Offa Rex,False,2017,1080749202,68.75
Best Roots Gospel Album,The Martins,False,2018,1080749202,68.75
"Best Latin Rock, Urban or Alternative Album",iLe,True,2016,1080749202,68.75
Best Latin Pop Album,Claudia Brant,True,2018,1080749202,68.75
Best Country Solo Performance,Alison Krauss,False,2017,1080749202,68.75
Best Dance Recording,Jayda G,False,2020,1080749202,68.75
Best Song Written For Visual Media,Peter Gabriel,False,2016,1080749202,68.75
Best Rock Performance,Fiona Apple,True,2020,1080749202,68.75
Best Comedy Album,Dave Chappelle,True,2017,1080749202,68.75
Best Rock Performance,Greta Van Fleet,False,2018,1080749202,68.75
Best Gospel Album,Shirley Caesar,False,2016,1080749202,68.75
Best Jazz Vocal Album,Gregory Porter,True,2016,1080749202,68.75
Best Traditional R&B Performance,Chloe X Halle,False,2020,1080749202,68.75
Best Country Album,Ingrid Andress,False,2020,1080749202,68.75
Best R&B Performance,The Carters,False,2018,1080749202,68.75
Best R&B Album,Ledisi,False,2017,1080749202,68.75
Record Of The Year,Lukas Graham,False,2016,46069786,60.0
Best Reggae Album,Ziggy Marley,True,2016,1080749202,68.75
Best Metal Performance,Poppy,False,2020,1080749202,68.75
Best R&B Album,Terrace Martin,False,2016,1080749202,68.75
Best World Music Album,Celtic Woman,False,2016,1080749202,68.75
Best Country Duo/Group Performance,Brothers Osborne,False,2019,1080749202,68.75
Best Latin Jazz Album,David Sánchez,False,2019,1080749202,68.75
Best Rock Album,Rival Sons,False,2019,1080749202,68.75
Best Traditional R&B Performance,Ledisi,True,2020,1080749202,68.75
Best Folk Album,Punch Brothers,True,2018,1080749202,68.75
Best Dance/Electronic Album,Tycho,False,2019,1080749202,68.75
Best Jazz Vocal Album,Kurt Elling,True,2020,1080749202,68.75
Best Jazz Instrumental Album,Tia Fuller,False,2018,1080749202,68.75
Best Contemporary Blues Album,Larkin Poe,False,2019,1080749202,68.75
Best Alternative Music Album,PJ Harvey,False,2016,1080749202,68.75
Album Of The Year,Dua Lipa,False,2020,6507249533,77.875
"Best Latin Rock, Urban or Alternative Album",Los Rakas,False,2016,1080749202,68.75
Best Tropical Latin Album,"José Alberto ""El Ruiseñor""",False,2020,1080749202,68.75
Best Pop Duo/Group Performance,Lady Gaga,True,2018,2704386480,72.66666666666667
Best Latin Jazz Album,Elio Villafranca,False,2018,1080749202,68.75
Best Folk Album,Laura Marling,False,2020,1080749202,68.75
Best American Roots Performance,Calexico,False,2019,1080749202,68.75
Best Tropical Latin Album,Silvestre Dangond,False,2017,1080749202,68.75
Best Bluegrass Album,Mark O'Connor,True,2016,1080749202,68.75
Best R&B Performance,PJ Morton,False,2018,1080749202,68.75
Best American Roots Performance,Glen Campbell,False,2017,1080749202,68.75
Record Of The Year,Kendrick Lamar,False,2017,2088786765,78.2
Best Large Jazz Ensemble Album,John Hollenbeck,False,2020,1080749202,68.75
Best Country Duo/Group Performance,Brothers Osborne,False,2018,1080749202,68.75
Best Tropical Latin Album,Vicente García,False,2019,1080749202,68.75
Best Urban Contemporary Album,KING,False,2016,1080749202,68.75
Best Alternative Music Album,Father John Misty,False,2017,1080749202,68.75
Best Contemporary Christian Music Album,Cody Carnes,False,2020,1080749202,68.75
Best Traditional Blues Album,Maria Muldaur,False,2018,1080749202,68.75
Best American Roots Performance,Jon Batiste,False,2018,1080749202,68.75
Best Roots Gospel Album,The Erwins,False,2020,1080749202,68.75
Best Rock Performance,THE FEVER 333,False,2018,1080749202,68.75
Best Country Solo Performance,Vince Gill,True,2020,1080749202,68.75
Best Reggae Album,The Wailers,False,2020,1080749202,68.75
Best Rock Performance,Chris Cornell,True,2018,1080749202,68.75
Best Tropical Latin Album,Spanish Harlem Orchestra,True,2018,1080749202,68.75
Best Pop Solo Performance,Ed Sheeran,True,2017,10197034159,70.15789473684211
Best R&B Album,PJ Morton,False,2018,1080749202,68.75
Best Folk Album,Bonny Light Horseman,False,2020,1080749202,68.75
Best Bluegrass Album,Doyle Lawson,False,2016,1080749202,68.75
Best Roots Gospel Album,The Crabb Family,False,2020,1080749202,68.75
Best Contemporary Christian Music Album,Danny Gokey,False,2017,1080749202,68.75
Best Folk Album,Mary Gauthier,False,2018,1080749202,68.75
Best Large Jazz Ensemble Album,John Beasley,False,2017,1080749202,68.75
Best Traditional R&B Performance,Fantasia,False,2016,1080749202,68.75
Best Children's Album,Frances England,False,2016,1080749202,68.75
Best Folk Album,Sierra Hull,False,2016,1080749202,68.75
Best Global Music Album,Antibalas,False,2020,1080749202,68.75
Best Regional Mexican Music Album (Including Tejano),Lupita Infante,False,2020,1080749202,68.75
Best New Age Album,John Burke,False,2016,1080749202,68.75
Best Bluegrass Album,Missy Raines,False,2019,1080749202,68.75
Best Children's Music Album,Justin Roberts,False,2020,1080749202,68.75
Best Traditional R&B Performance,Lalah Hathaway,True,2016,1080749202,68.75
Best Roots Gospel Album,Reba McEntire,True,2017,1080749202,68.75
Best Roots Gospel Album,Tim Menzies,False,2019,1080749202,68.75
Best Contemporary Christian Music Album,Crowder,False,2019,1080749202,68.75
Best Bluegrass Album,Mike Barnett,False,2018,1080749202,68.75
Best Rap Performance,J. Cole,False,2019,565972736,71.5
Best Regional Roots Music Album,Josh Tatofi,False,2017,1080749202,68.75
Best World Music Album,Bombino,False,2018,1080749202,68.75
Record Of The Year,Brandi Carlile,False,2018,1080749202,68.75
Best Tropical Latin Album,Grupo Niche,False,2016,1080749202,68.75
Best Pop Vocal Album,Dua Lipa,True,2020,6507249533,77.875
Best Traditional Pop Vocal Album,Gregory Porter,False,2018,1080749202,68.75
Best Folk Album,Laura Marling,False,2017,1080749202,68.75
Best Contemporary Instrumental Album,Steve Gadd Band,False,2016,1080749202,68.75
Best Dance Recording,Bob Moses,False,2016,1080749202,68.75
Best Regional Mexican Music Album (Including Tejano),Mariachi Sol De Mexico De Jose Hernandez,False,2020,1080749202,68.75
Best Children's Music Album,Caspar Babypants,False,2019,1080749202,68.75
Best Tropical Latin Album,Aymée Nuviola,True,2019,1080749202,68.75
Best Traditional Pop Vocal Album,Barbra Streisand,False,2016,1080749202,68.75
"Best Latin Rock, Urban or Alternative Album",Jorge Drexler,False,2017,1080749202,68.75
Best R&B Album,Mýa,False,2016,1080749202,68.75
Best Traditional R&B Performance,MAJOR.,False,2018,1080749202,68.75
Best Metal Performance,Meshuggah,False,2017,1080749202,68.75
Best Folk Album,The Secret Sisters,False,2017,1080749202,68.75
Best Regional Mexican Music Album (Including Tejano),Mariachi Sol De Mexico De Jose Hernandez,False,2018,1080749202,68.75
Best Children's Album,Secret Agent 23 Skidoo,True,2016,1080749202,68.75
Best Rap Performance,Migos,False,2017,1125341569,28.4
"Best Latin Rock, Urban or Alternative Album",Carla Morrison,False,2016,1080749202,68.75
Best Jazz Instrumental Album,Joshua Redman,False,2016,1080749202,68.75
"Best Spoken Word Album (Includes Poetry, Audio Books & Storytelling)",Ronan Farrow,False,2020,1080749202,68.75
Best Pop Duo/Group Performance,Ariana Grande,False,2019,6148203839,70.16129032258064
Best R&B Performance,Toni Braxton,False,2018,1080749202,68.75
"Best Spoken Word Album (Includes Poetry, Audio Books & Storytelling)",Flea,False,2020,1080749202,68.75
Record Of The Year,Dua Lipa,False,2020,6507249533,77.875
Best Progressive R&B Album,Thundercat,True,2020,1080749202,68.75
Best Country Album,Tanya Tucker,True,2019,1080749202,68.75
Best Reggae Album,Julian Marley,False,2019,1080749202,68.75
Best Roots Gospel Album,The Isaacs,False,2018,1080749202,68.75
Best Traditional Blues Album,Luther Dickinson,False,2016,1080749202,68.75
Best Song Written For Visual Media,Tyler Joseph,False,2016,1080749202,68.75
Best Jazz Vocal Album,Carmen Lundy,False,2020,1080749202,68.75
Best R&B Album,Ant Clemons,False,2020,1080749202,68.75
Best Contemporary Blues Album,The Record Company,False,2016,1080749202,68.75
Best Contemporary Instrumental Album,Herb Alpert,False,2016,1080749202,68.75
Best Contemporary Blues Album,Robert Randolph,False,2017,1080749202,68.75
Best Americana Album,J.S. Ondara,False,2019,1080749202,68.75
Best Folk Album,Gillian Welch,True,2020,1080749202,68.75
Best Gospel Album,Kierra Sheard,False,2020,1080749202,68.75
Best Regional Roots Music Album,Sweet Cecilia,False,2020,1080749202,68.75
Best Americana Album,Gregg Allman,False,2017,1080749202,68.75
Best Country Duo/Group Performance,Brothers Osborne,False,2017,1080749202,68.75
Best Tropical Latin Album,Doug Beavers,False,2017,1080749202,68.75
Best Pop Duo/Group Performance,Lukas Graham,False,2016,46069786,60.0
Best Latin Jazz Album,Poncho Sanchez,False,2020,1080749202,68.75
Best Folk Album,Patty Griffin,True,2019,1080749202,68.75
Best Regional Mexican Music Album (Including Tejano),Banda El Recodo De Cruz Lizárraga,False,2016,1080749202,68.75
Best Jazz Instrumental Album,Ambrose Akinmusire,False,2020,1080749202,68.75
Best Latin Jazz Album,Thalma de Freitas,False,2019,1080749202,68.75
Best Alternative Music Album,Big Thief,False,2019,1080749202,68.75
Best Comedy Album,David Cross,False,2016,1080749202,68.75
Best Large Jazz Ensemble Album,Maria Schneider Orchestra,True,2020,1080749202,68.75
Best New Age Album,Priya Darshini,False,2020,1080749202,68.75
Best Tropical Latin Album,Grupo Niche,True,2020,1080749202,68.75
Best Metal Performance,Underoath,False,2018,1080749202,68.75
Best Alternative Music Album,Thom Yorke,False,2019,1080749202,68.75
Best Contemporary Christian Music Album,Hillary Scott,True,2016,1080749202,68.75
Best Contemporary Christian Music Album,Chris Tomlin,False,2019,1080749202,68.75
Best Contemporary Blues Album,Taj Mahal,True,2017,1080749202,68.75
Best Metal Performance,Body Count,True,2020,1080749202,68.75
Best Rap Album,Freddie Gibbs,False,2020,1080749202,68.75
Best Contemporary Blues Album,G. Love,False,2020,1080749202,68.75
Best Gospel Album,Le'Andria,False,2017,1080749202,68.75
Best Americana Album,Lucinda Williams,False,2020,1080749202,68.75
Best Roots Gospel Album,The Isaacs,False,2016,1080749202,68.75
Best Regional Mexican Music Album (Including Tejano),Joss Favela,False,2016,1080749202,68.75
Best Roots Gospel Album,Gordon Mote,False,2018,1080749202,68.75
Best Regional Roots Music Album,Amy Hanaiali’i,False,2019,1080749202,68.75
"Best Spoken Word Album (Includes Poetry, Audio Books & Storytelling)",Elvis Costello,False,2016,1080749202,68.75
Best Urban Contemporary Album,Georgia Anne Muldrow,False,2019,1080749202,68.75
Best Contemporary Christian Music Album,Danny Gokey,False,2019,1080749202,68.75
Best Metal Performance,Deafheaven,False,2018,1080749202,68.75
Best Jazz Instrumental Album,Joshua Redman,False,2018,1080749202,68.75
Best Large Jazz Ensemble Album,Vince Mendoza,False,2017,1080749202,68.75
Best Rap Album,D Smoke,False,2020,1080749202,68.75
Best Urban Contemporary Album,Gallant,False,2016,1080749202,68.75
Best Large Jazz Ensemble Album,Darcy James Argue's Secret Society,False,2016,1080749202,68.75
Best Dance/Electronic Album,TOKiMONSTA,False,2018,1080749202,68.75
Best Bluegrass Album,Frank Solivan,False,2019,1080749202,68.75
Best Traditional Blues Album,Vasti Jackson,False,2016,1080749202,68.75
Best Comedy Album,Tiffany Haddish,True,2020,1080749202,68.75
Best R&B Performance,Solange,True,2016,1080749202,68.75
Best Rap/Sung Performance,Goldlink,False,2017,1080749202,68.75
Best Large Jazz Ensemble Album,Miho Hazama,False,2019,1080749202,68.75
Best Tropical Latin Album,Víctor Manuelle,False,2020,1080749202,68.75
Best Contemporary Blues Album,Janiva Magness,False,2016,1080749202,68.75
Best Roots Gospel Album,The Collingsworth Family,False,2017,1080749202,68.75
Best Contemporary Instrumental Album,Jon Batiste,False,2020,1080749202,68.75
Best American Roots Performance,John Prine,True,2020,1080749202,68.75
Best Country Duo/Group Performance,Midland,False,2017,1080749202,68.75
Best Dance Recording,Bonobo,False,2017,1080749202,68.75
Best New Age Album,Jim  Kimo  West,True,2020,1080749202,68.75
Best Large Jazz Ensemble Album,John Daversa,False,2016,1080749202,68.75
Best New Age Album,Sebastian Plano,False,2019,1080749202,68.75
Best Dance/Electronic Album,Louie Vega,False,2016,1080749202,68.75
Best Large Jazz Ensemble Album,Ted Nash Big Band,True,2016,1080749202,68.75
Best Jazz Vocal Album,Raul Midón,False,2018,1080749202,68.75
Best Pop Solo Performance,Dua Lipa,False,2020,6507249533,77.875
Best Americana Album,Brent Cobb,False,2017,1080749202,68.75
Best Rock Album,Sturgill Simpson,False,2020,1080749202,68.75
Best Country Album,Reba McEntire,False,2019,1080749202,68.75
Best American Roots Performance,Rhiannon Giddens,False,2016,1080749202,68.75
Best Tropical Latin Album,La Sonora Santanera,False,2016,1080749202,68.75
Best Contemporary Instrumental Album,Jeff Lorber Fusion,True,2017,1080749202,68.75
Best Alternative Music Album,Iggy Pop,False,2016,1080749202,68.75
Best Traditional R&B Performance,Jill Scott,False,2016,1080749202,68.75
Best Rock Album,Ghost,False,2018,1080749202,68.75
Best Global Music Album,Anoushka Shankar,False,2020,1080749202,68.75
Best Contemporary Instrumental Album,The Jerry Douglas Band,False,2017,1080749202,68.75
Best Metal Performance,In This Moment,False,2020,1080749202,68.75
Best Rap Performance,Fat Joe,False,2016,1080749202,68.75
Best Metal Performance,I Prevail,False,2019,1080749202,68.75
Best Traditional Blues Album,Cedric Burnside,False,2018,1080749202,68.75
Best Traditional Blues Album,Delbert McClinton,True,2019,1080749202,68.75
Best Traditional Pop Vocal Album,Barbra Streisand,False,2018,1080749202,68.75
Best Folk Album,Judy Collins,False,2016,1080749202,68.75
Best Country Duo/Group Performance,Little Big Town,False,2018,1080749202,68.75
Best Regional Roots Music Album,Ranky Tanky,True,2019,1080749202,68.75
Best Jazz Vocal Album,Catherine Russell,False,2016,1080749202,68.75
Best Americana Album,William Bell,True,2016,1080749202,68.75
Best Song Written For Visual Media,Common,False,2017,1080749202,68.75
Best Latin Jazz Album,Miguel Zenón,False,2019,1080749202,68.75
Best Children's Album,Tim Kubart,False,2018,1080749202,68.75
Best Traditional Pop Vocal Album,Seal,False,2018,1080749202,68.75
Best Dance Recording,Bonobo,False,2019,1080749202,68.75
Best Rap Album,Drake,False,2016,4664809862,72.94736842105263
Best Roots Gospel Album,Fisk Jubilee Singers,True,2020,1080749202,68.75
Best Latin Pop or Urban Album,Bad Bunny,True,2020,1513537408,58.0
Best Gospel Album,PJ Morton,True,2020,1080749202,68.75
Best Traditional Blues Album,Lurrie Bell,False,2016,1080749202,68.75
Best World Music Album,Yo-Yo Ma,True,2016,1080749202,68.75
Best Latin Pop or Urban Album,Kany García,False,2020,1080749202,68.75
Best Contemporary Instrumental Album,Black Violin,False,2020,1080749202,68.75
Best Contemporary Christian Music Album,Crowder,False,2016,1080749202,68.75
Best Children's Album,Alphabet Rockers,False,2017,1080749202,68.75
Best Comedy Album,Jerry Seinfeld,False,2020,1080749202,68.75
Best Dance Recording,Fisher,False,2018,1080749202,68.75
Album Of The Year,Black Pumas,False,2020,1080749202,68.75
Best World Music Album,Vicente Amigo,False,2017,1080749202,68.75
Best Traditional Blues Album,"Christone ""Kingfish"" Ingram",False,2019,1080749202,68.75
Best Gospel Album,William Murphy,False,2016,1080749202,68.75
Best Tropical Latin Album,Diego El Cigala,False,2017,1080749202,68.75
Best Regional Roots Music Album,Barry Jean Ancelet,False,2016,1080749202,68.75
Best Traditional Blues Album,R.L. Boyce,False,2017,1080749202,68.75
Best Rock Performance,Chris Cornell,False,2017,1080749202,68.75
Best Urban Contemporary Album,The Carters,True,2018,1080749202,68.75
Album Of The Year,Brandi Carlile,False,2018,1080749202,68.75
Best Bluegrass Album,Blue Highway,False,2016,1080749202,68.75
Best Country Solo Performance,Sam Hunt,False,2017,231250740,66.0
Best Jazz Vocal Album,Thana Alexa,False,2020,1080749202,68.75
Best Contemporary Instrumental Album,Julian Lage,False,2017,1080749202,68.75
Best Traditional Blues Album,Bobby Rush,True,2016,1080749202,68.75
Best Dance Recording,Virtual Self,False,2018,1080749202,68.75
Best Contemporary Blues Album,Sugaray Rayford,False,2019,1080749202,68.75
Best Metal Performance,Code Orange,False,2017,1080749202,68.75
Best Large Jazz Ensemble Album,Alan Ferber Big Band,False,2017,1080749202,68.75
Best New Age Album,David Darling,False,2019,1080749202,68.75
Best Pop Duo/Group Performance,Lady Gaga,True,2020,2704386480,72.66666666666667
Best Comedy Album,Dave Chappelle,True,2018,1080749202,68.75
Best R&B Album,PJ Morton,False,2017,1080749202,68.75
Best Traditional Blues Album,Elvin Bishop's Big Fun Trio,False,2018,1080749202,68.75
Best Americana Album,Yola,False,2019,1080749202,68.75
Best Reggae Album,Koffee,True,2019,1080749202,68.75
Best Metal Performance,Gojira,False,2016,1080749202,68.75
Best Jazz Instrumental Album,Branford Marsalis Quartet,False,2019,1080749202,68.75
Best Country Solo Performance,Brandy Clark,False,2016,1080749202,68.75
Best Roots Gospel Album,Ernie Haase,False,2018,1080749202,68.75
Best Traditional R&B Performance,Mykal Kilgore,False,2020,1080749202,68.75
Best Traditional Blues Album,Eric Bibb,False,2017,1080749202,68.75
Best Bluegrass Album,Steep Canyon Rangers,False,2020,1080749202,68.75
Best Latin Pop Album,Diego Torres,False,2016,1080749202,68.75
Best Contemporary Blues Album,Kenny Neal,False,2016,1080749202,68.75
Best Rap Album,"Royce 5’9""",False,2020,1080749202,68.75
Best Dance Recording,LCD Soundsystem,True,2017,1080749202,68.75
Best Contemporary Instrumental Album,Simon Phillips,False,2018,1080749202,68.75
Best Jazz Instrumental Album,Fred Hersch,False,2017,1080749202,68.75
Best Pop Vocal Album,Lady Gaga,False,2020,2704386480,72.66666666666667
Best Music Video,Woodkid,False,2020,1080749202,68.75
Best American Roots Performance,Lori McKenna,False,2016,1080749202,68.75
"Best Spoken Word Album (Includes Poetry, Audio Books & Storytelling)",Patti Smith,False,2016,1080749202,68.75
Best Pop Vocal Album,Ariana Grande,True,2018,6148203839,70.16129032258064
Best Rap Performance,Chance The Rapper,True,2016,1080749202,68.75
"Best Latin Rock, Urban or Alternative Album",ROSALÍA,True,2019,213376784,66.0
Best Pop Duo/Group Performance,Zedd,False,2017,421527037,77.0
Best Americana Album,Sarah Jarosz,True,2020,1080749202,68.75
Best Comedy Album,Fred Armisen,False,2018,1080749202,68.75
Best Jazz Instrumental Album,Terri Lyne Carrington + Social Science,False,2020,1080749202,68.75
Best Comedy Album,Jerry Seinfeld,False,2017,1080749202,68.75
Best Traditional R&B Performance,BJ The Chicago Kid,False,2016,1080749202,68.75
Best Country Album,Pistol Annies,False,2019,1080749202,68.75
Best Compilation Soundtrack For Visual Media,Lady Gaga,True,2019,2704386480,72.66666666666667
Best Regional Roots Music Album,Cameron Dupuy,False,2020,1080749202,68.75
Best Tropical Latin Album,Jorge Celedon,False,2020,1080749202,68.75
Best Rap Performance,Drake,False,2016,4664809862,72.94736842105263
Best Jazz Vocal Album,Cécile McLorin Salvant,True,2017,1080749202,68.75
Best World Music Album,Anoushka Shankar,False,2016,1080749202,68.75
Best Folk Album,Aimee Mann,True,2017,1080749202,68.75
Best Rock Album,Queens Of The Stone Age,False,2017,1080749202,68.75
Best New Age Album,Opium Moon,True,2018,1080749202,68.75
Best Dance/Electronic Album,Tycho,False,2016,1080749202,68.75
Best R&B Album,BJ The Chicago Kid,False,2019,1080749202,68.75
Best Traditional Pop Vocal Album,Elvis Costello,True,2019,1080749202,68.75
Best Reggae Album,Maxi Priest,False,2020,1080749202,68.75
Record Of The Year,Lady Gaga,False,2018,2704386480,72.66666666666667
Best World Music Album,Tinariwen,False,2017,1080749202,68.75
Best Americana Album,Lori McKenna,False,2016,1080749202,68.75
Best Pop Vocal Album,Adele,True,2016,84194804,0.5
Best American Roots Performance,Sarah Jarosz,True,2016,1080749202,68.75
Best Traditional Blues Album,Buddy Guy,True,2018,1080749202,68.75
Best Music Film,Linda Ronstadt,True,2020,1080749202,68.75
Best Contemporary Instrumental Album,Bill Frisell,False,2016,1080749202,68.75
Best Folk Album,The Secret Sisters,False,2020,1080749202,68.75
Best Jazz Instrumental Album,Bill Charlap Trio,False,2017,1080749202,68.75
Best Reggae Album,Ziggy Marley,False,2018,1080749202,68.75
Best Jazz Instrumental Album,Kenny Barron Trio,False,2016,1080749202,68.75
Best Metal Performance,Baroness,False,2016,1080749202,68.75
Best Melodic Rap Performance,Drake,False,2020,4664809862,72.94736842105263
Best Gospel Album,Gene Moore,False,2019,1080749202,68.75
Best Traditional Blues Album,Robert Cray Band,False,2020,1080749202,68.75
Best Folk Album,Che Apalache,False,2019,1080749202,68.75
Best Children's Album,Recess Monkey,False,2016,1080749202,68.75
Best Latin Pop Album,Luis Fonsi,False,2019,41447253,64.5
Best Rock Performance,Karen O,False,2019,1080749202,68.75
Best Latin Jazz Album,Anat Cohen,False,2017,1080749202,68.75
"Best Spoken Word Album (Includes Poetry, Audio Books & Storytelling)",John Waters,False,2019,1080749202,68.75
Best Song Written For Visual Media,Shamann Cooke,False,2016,1080749202,68.75
Best Contemporary Blues Album,Sonny Landreth,False,2017,1080749202,68.75
Best Metal Performance,August Burns Red,False,2017,1080749202,68.75
Best Rock Performance,Rival Sons,False,2019,1080749202,68.75
Best Regional Mexican Music Album (Including Tejano),Los Texmaniacs,False,2018,1080749202,68.75
Best Regional Mexican Music Album (Including Tejano),Joss Favela,False,2019,1080749202,68.75
Best Contemporary Blues Album,Teresa James,False,2018,1080749202,68.75
Best Metal Performance,Power Trip,False,2020,1080749202,68.75
Best Regional Mexican Music Album (Including Tejano),Mariachi Divas De Cindy Shea,False,2019,1080749202,68.75
Best Traditional Blues Album,Joe Bonamassa,False,2016,1080749202,68.75
Best Children's Music Album,Alphabet Rockers,False,2019,1080749202,68.75
Best Rap Album,Kendrick Lamar,True,2017,2088786765,78.2
Best Music Film,David Crosby,False,2019,1080749202,68.75
Best Children's Music Album,Jon Samson,True,2019,1080749202,68.75
Best Americana Album,The Mavericks,False,2017,1080749202,68.75
Album Of The Year,Ariana Grande,False,2019,6148203839,70.16129032258064
Best Rap Performance,Dreamville,False,2019,1080749202,68.75
Best R&B Album,Lalah Hathaway,False,2018,1080749202,68.75
Best Urban Contemporary Album,SZA,False,2017,57240932,67.5
Best Rap Performance,Pop Smoke,False,2020,1489878548,73.33333333333333
Best Traditional Blues Album,Frank Bey,False,2020,1080749202,68.75
Best Regional Roots Music Album,Lost Bayou Ramblers,True,2017,1080749202,68.75
Best Music Video,The Carters,False,2018,1080749202,68.75
Best Latin Rock or Alternative Album,Fito Paez,True,2020,1080749202,68.75
Best World Music Album,Yiddish Glory,False,2018,1080749202,68.75
Best Metal Performance,Mastodon,True,2017,1080749202,68.75
"Best Spoken Word Album (Includes Poetry, Audio Books & Storytelling)",Shelly Peiken,False,2017,1080749202,68.75
"Best Spoken Word Album (Includes Poetry, Audio Books & Storytelling)",Neil deGrasse Tyson,False,2017,1080749202,68.75
Best Bluegrass Album,Michael Cleveland,True,2019,1080749202,68.75
Best Song Written For Visual Media,Justin Hurwitz,False,2017,1080749202,68.75
Best Contemporary Instrumental Album,Julian Lage,False,2018,1080749202,68.75
Best Contemporary Instrumental Album,Mark Guiliana,False,2019,1080749202,68.75
Best Jazz Vocal Album,Raul Midón,False,2017,1080749202,68.75
Best Gospel Album,Myron Butler,False,2020,1080749202,68.75
Album Of The Year,Drake,False,2016,4664809862,72.94736842105263
Best R&B Album,Mint Condition,False,2016,1080749202,68.75
Best Comedy Album,Jim Gaffigan,False,2019,1080749202,68.75
Best American Roots Performance,Brandi Carlile,True,2018,1080749202,68.75
Best Alternative Music Album,James Blake,False,2019,1080749202,68.75
Best World Music Album,Fatoumata Diawara,False,2018,1080749202,68.75
Best Country Solo Performance,Mickey Guyton,False,2020,1080749202,68.75
Best Metal Performance,Candlemass,False,2019,1080749202,68.75
Best Country Album,Lady Antebellum,False,2017,1080749202,68.75
Best Contemporary Instrumental Album,Alex Han,False,2017,1080749202,68.75
Best Dance/Electronic Album,Jean-Michel Jarre,False,2016,1080749202,68.75
Best Jazz Instrumental Album,The Wayne Shorter Quartet,True,2018,1080749202,68.75
Best Rock Performance,Brittany Howard,False,2019,1080749202,68.75
Best Children's Album,Ladysmith Black Mambazo,False,2017,1080749202,68.75
Best Rock Album,Gojira,False,2016,1080749202,68.75
Best Traditional Blues Album,Bobby Rush,True,2020,1080749202,68.75
Best Large Jazz Ensemble Album,Brian Lynch Big Band,True,2019,1080749202,68.75
Best R&B Performance,Emily King,False,2020,1080749202,68.75
Best Rock Performance,Alabama Shakes,False,2016,1080749202,68.75
Best Regional Mexican Music Album (Including Tejano),La Maquinaria Norteña,False,2016,1080749202,68.75
Best Jazz Instrumental Album,Chris Potter,False,2017,1080749202,68.75
Best Rock Performance,Halestorm,False,2018,1080749202,68.75
Best Tropical Latin Album,Jose Lugo,True,2016,1080749202,68.75
Best Country Album,Little Big Town,False,2020,1080749202,68.75
Best Rap Album,Kanye West,False,2016,568170178,72.0
Best Country Album,Little Big Town,False,2017,1080749202,68.75
Best Contemporary Instrumental Album,Christian Scott aTunde Adjuah,False,2018,1080749202,68.75
Best Children's Album,Brady Rymer,False,2016,1080749202,68.75
Best Song Written For Visual Media,Max Martin,True,2016,1080749202,68.75
Best Bluegrass Album,Special Consensus,False,2018,1080749202,68.75
Best Contemporary Instrumental Album,Antonio Sanchez,False,2017,1080749202,68.75
Best Latin Rock or Alternative Album,Cami,False,2020,1080749202,68.75
Best Folk Album,Leonard Cohen,False,2020,1080749202,68.75
Best Rap/Sung Performance,Kanye West,False,2016,1136340356,72.0
Best Rock Performance,Nothing More,False,2017,1080749202,68.75
"Best Latin Rock, Urban or Alternative Album",Flor De Toloache,False,2019,1080749202,68.75
Best Jazz Vocal Album,Somi,False,2020,1080749202,68.75
"Best Spoken Word Album (Includes Poetry, Audio Books & Storytelling)",Jimmy Carter,True,2018,1080749202,68.75
Best Regional Mexican Music Album (Including Tejano),Aida Cuevas,False,2018,1080749202,68.75
Best Pop Vocal Album,Ed Sheeran,True,2017,10197034159,70.15789473684211
Best R&B Album,Luke James,False,2020,1080749202,68.75
Best Comedy Album,Jim Gaffigan,False,2020,1080749202,68.75
Best Country Album,Ashley McBryde,False,2018,1080749202,68.75
Best Large Jazz Ensemble Album,Orrin Evans,False,2018,1080749202,68.75
Best Regional Mexican Music Album (Including Tejano),Alex Campos,False,2017,1080749202,68.75
Best Latin Pop Album,Gaby Moreno,False,2016,1080749202,68.75
Best Rap/Sung Performance,SZA,False,2017,57240932,67.5
Best Music Video,Tierra Whack,False,2018,1080749202,68.75
Best Music Video,Jain,False,2017,1080749202,68.75
Best Country Duo/Group Performance,Brothers Osborne,False,2020,1080749202,68.75
Best Rap Performance,Schoolboy Q,False,2016,1080749202,68.75
Best Contemporary Blues Album,Robert Cray,False,2017,1080749202,68.75
Best Contemporary Christian Music Album,Natalie Grant,False,2016,1080749202,68.75
Best Rap Album,Rapsody,False,2017,1080749202,68.75
Best Jazz Vocal Album,The Tierney Sutton Band,False,2016,1080749202,68.75
"Best Latin Rock, Urban or Alternative Album",iLe,False,2019,1080749202,68.75
Best Americana Album,Calexico,False,2019,1080749202,68.75
Best Gospel Album,CeCe Winans,False,2019,1080749202,68.75
Best Metal Performance,Tool,True,2019,1080749202,68.75
Best Rock Album,Blink-182,False,2016,1080749202,68.75
Best R&B Album,Lucky Daye,False,2019,1080749202,68.75
Best Traditional Pop Vocal Album,Barbra Streisand,False,2019,1080749202,68.75
Best Rock Album,Mastodon,False,2017,1080749202,68.75
Best R&B Performance,Brittany Howard,False,2020,1080749202,68.75
Album Of The Year,Kendrick Lamar,False,2017,2088786765,78.2
Best Bluegrass Album,Laurie Lewis,False,2016,1080749202,68.75
Best New Age Album,Laurie Anderson,False,2020,1080749202,68.75
Best Tropical Latin Album,Formell Y Los Van Van,False,2018,1080749202,68.75
Best Comedy Album,Dave Chappelle,True,2019,1080749202,68.75
Best New Age Album,Cory Wong,False,2020,1080749202,68.75
Best Song Written For Visual Media,Oscar Holter,False,2016,1080749202,68.75
Best Music Video,OK Go,False,2016,1080749202,68.75
Best Americana Album,Kris Kristofferson,False,2016,1080749202,68.75
Best Children's Music Album,Joanie Leeds,True,2020,1080749202,68.75
Best Jazz Vocal Album,The Baylor Project,False,2017,1080749202,68.75
Best Jazz Vocal Album,Randy Porter Trio,False,2017,1080749202,68.75
Best American Roots Performance,The Avett Brothers,False,2016,1080749202,68.75
Best Pop Vocal Album,Ariana Grande,False,2019,6148203839,70.16129032258064
Best Metal Performance,High On Fire,True,2018,1080749202,68.75
Album Of The Year,Adele,True,2016,84194804,0.5
Best Jazz Instrumental Album,Billy Childs,True,2017,1080749202,68.75
Best Regional Mexican Music Album (Including Tejano),La Energia Norteña,False,2019,1080749202,68.75
Best Americana Album,Jason Isbell,True,2017,1080749202,68.75
Best Pop Duo/Group Performance,Maroon 5,False,2018,1227850992,21.5
Best Jazz Vocal Album,Cécile McLorin Salvant,True,2018,1080749202,68.75
Best Gospel Album,Brian Courtney Wilson,False,2018,1080749202,68.75
Best Americana Album,Bettye LaVette,False,2018,1080749202,68.75
Best Traditional R&B Performance,Ledisi,False,2017,1080749202,68.75
Best Contemporary Blues Album,Fantastic Negrito,True,2018,1080749202,68.75
Best Large Jazz Ensemble Album,Gregg August,False,2020,1080749202,68.75
Best Comedy Album,Chris Rock,False,2018,1080749202,68.75
Best Regional Roots Music Album,Roddie Romero,False,2016,1080749202,68.75
"Best Spoken Word Album (Includes Poetry, Audio Books & Storytelling)",Michelle Obama,True,2019,1080749202,68.75
Album Of The Year,Janelle Monáe,False,2018,1080749202,68.75
Best New Age Album,Lisa Gerrard,False,2018,1080749202,68.75
Best Global Music Album,Bebel Gilberto,False,2020,1080749202,68.75
"Best Latin Rock, Urban or Alternative Album",Orishas,False,2018,1080749202,68.75
Best Americana Album,The Time Jumpers,False,2016,1080749202,68.75
Best Large Jazz Ensemble Album,Bob Mintzer,False,2016,1080749202,68.75
Best New Age Album,Peter Kater,True,2017,1080749202,68.75
Best Latin Jazz Album,Chico Pinheiro,False,2020,1080749202,68.75
Best Contemporary Blues Album,Southern Avenue,False,2019,1080749202,68.75
Best Latin Pop Album,Shakira,True,2017,932883221,71.8
Best R&B Album,PJ Morton,False,2019,1080749202,68.75
Best Comedy Album,Margaret Cho,False,2016,1080749202,68.75
Best Country Album,Loretta Lynn,False,2016,1080749202,68.75
Best Alternative Music Album,LCD Soundsystem,False,2017,1080749202,68.75
Best Reggae Album,J Boog,False,2017,1080749202,68.75
Best R&B Performance,BJ The Chicago Kid,False,2016,1080749202,68.75
Record Of The Year,Zedd,False,2018,421527037,77.0
Best Regional Roots Music Album,Dwayne Dopsie,False,2017,1080749202,68.75
Best American Roots Performance,Rhiannon Giddens,False,2019,1080749202,68.75
Best Jazz Instrumental Album,Joshua Redman Quartet,False,2019,1080749202,68.75
Best Rock Performance,Gary Clark Jr.,True,2019,1080749202,68.75
Best Roots Gospel Album,Joseph Habedank,False,2019,1080749202,68.75
Best American Roots Performance,Sean Ardoin,False,2018,1080749202,68.75
Best Contemporary Christian Music Album,TobyMac,False,2019,1080749202,68.75
Best Global Music Album,Tinariwen,False,2020,1080749202,68.75
Best Music Video,Kendrick Lamar,True,2017,2088786765,78.2
Best Americana Album,Lee Ann Womack,False,2018,1080749202,68.75
Best Traditional Pop Vocal Album,James Taylor,True,2020,1080749202,68.75
Best Reggae Album,Skip Marley,False,2020,1080749202,68.75
Best Americana Album,Brandi Carlile,True,2018,1080749202,68.75
Best Dance Recording,Riton,False,2016,1080749202,68.75
Best Traditional R&B Performance,Charlie Wilson,False,2018,1080749202,68.75
Best New Age Album,Vangelis,False,2016,1080749202,68.75
Best Jazz Instrumental Album,The Fred Hersch Trio,False,2016,1080749202,68.75
Best Contemporary Blues Album,Bettye LaVette,False,2020,1080749202,68.75
Best New Age Album,Deva Premal,False,2019,1080749202,68.75
Best Rap Album,Dreamville,False,2019,1080749202,68.75
Best American Roots Performance,Black Pumas,False,2020,1080749202,68.75
Best Rock Album,Greta Van Fleet,True,2018,1080749202,68.75
Best New Age Album,Steve Roach,False,2018,1080749202,68.75
Best New Age Album,Jim Kimo West,False,2018,1080749202,68.75
Best Gospel Album,The Walls Group,False,2018,1080749202,68.75
Best Progressive R&B Album,Robert Glasper,False,2020,1080749202,68.75
Best R&B Performance,Ro James,False,2016,1080749202,68.75
Best American Roots Performance,Blind Boys Of Alabama,False,2016,1080749202,68.75
Best American Roots Performance,Alison Krauss,False,2017,1080749202,68.75
Best Dance/Electronic Album,SOPHIE,False,2018,1080749202,68.75
Best Children's Music Album,Daniel Tashian,False,2019,1080749202,68.75
Best R&B Performance,Lalah Hathaway,False,2018,1080749202,68.75
Best Rap/Sung Performance,Kendrick Lamar,False,2018,2088786765,78.2
Best Pop Vocal Album,Ariana Grande,False,2016,6148203839,70.16129032258064
Best Regional Roots Music Album,Northern Cree,False,2019,1080749202,68.75
Best New Age Album,White Sun,True,2016,1080749202,68.75
Best Large Jazz Ensemble Album,Mike Holober,False,2019,1080749202,68.75
Best Traditional Blues Album,"Jimmy ""Duck"" Holmes",False,2020,1080749202,68.75
Best Music Video,Jamie XX,False,2016,1080749202,68.75
Best New Age Album,Peter Kater,False,2016,1080749202,68.75
Best Latin Jazz Album,Chick Corea,True,2019,1080749202,68.75
Best Jazz Vocal Album,Branford Marsalis Quartet,False,2016,1080749202,68.75
Best Gospel Album,Kirk Franklin,True,2016,1080749202,68.75
Best Regional Roots Music Album,Northern Cree,False,2017,1080749202,68.75
Best Dance/Electronic Album,Mura Masa,False,2017,1080749202,68.75
Best Latin Jazz Album,Pablo Ziegler Trio,True,2017,1080749202,68.75
Best Pop Solo Performance,Ariana Grande,False,2019,6148203839,70.16129032258064
Best Pop Duo/Group Performance,Luis Fonsi,False,2017,41447253,64.5
Best Music Video,The Chemical Brothers,False,2019,1080749202,68.75
Best Reggae Album,Damian  Jr. Gong  Marley,True,2017,1080749202,68.75
Best Melodic Rap Performance,Travis Scott,False,2020,946141341,83.0
Best Dance/Electronic Album,Kraftwerk,True,2017,1080749202,68.75
Best Latin Jazz Album,Dafnis Prieto Big Band,True,2018,1080749202,68.75
Best Latin Jazz Album,Wynton Marsalis,False,2019,1080749202,68.75
Best Dance/Electronic Album,Underworld,False,2016,1080749202,68.75
Best American Roots Performance,Bonny Light Horseman,False,2020,1080749202,68.75
Best American Roots Performance,Blind Boys Of Alabama,False,2017,1080749202,68.75
Best New Age Album,Kitaro,False,2017,1080749202,68.75
Best Rock Album,I Prevail,False,2019,1080749202,68.75
"Best Latin Rock, Urban or Alternative Album",J Balvin,False,2019,526088576,72.5
"Best Latin Rock, Urban or Alternative Album",La Santa Cecilia,False,2016,1080749202,68.75
Best Music Film,Yo-Yo Ma,False,2016,1080749202,68.75
"Best Spoken Word Album (Includes Poetry, Audio Books & Storytelling)",Amy Schumer,False,2016,1080749202,68.75
Best New Age Album,David Arkenstone,False,2019,1080749202,68.75
Best Traditional Blues Album,Bobby Rush,False,2019,1080749202,68.75
Best New Age Album,Brian Eno,False,2017,1080749202,68.75
Best Urban Contemporary Album,Miguel,False,2018,110602657,75.0
Best Alternative Music Album,Phoebe Bridgers,False,2020,1080749202,68.75
Best Children's Album,The Okee Dokee Brothers,False,2016,1080749202,68.75
Best Tropical Latin Album,Albita,False,2017,1080749202,68.75
Best Traditional R&B Performance,India.Arie,False,2019,1080749202,68.75
Best New Age Album,Peter Kater,True,2019,1080749202,68.75
Best Rap Album,YBN Cordae,False,2019,1080749202,68.75
Best World Music Album,Altin Gün,False,2019,1080749202,68.75
Best Roots Gospel Album,Joseph Habedank,False,2017,1080749202,68.75
Best Reggae Album,Third World,False,2019,1080749202,68.75
Best Bluegrass Album,Rhonda Vincent,True,2017,1080749202,68.75
Best Jazz Vocal Album,Esperanza Spalding,True,2019,1080749202,68.75
Best Dance Recording,CamelPhat,False,2017,1080749202,68.75
Album Of The Year,Drake,False,2018,4664809862,72.94736842105263
Best Contemporary Blues Album,Danielle Nicole,False,2018,1080749202,68.75
Best Rap Performance,Drake,False,2018,4664809862,72.94736842105263
Best Traditional R&B Performance,Bettye LaVette,False,2018,1080749202,68.75
Best Jazz Instrumental Album,Gerald Clayton,False,2020,1080749202,68.75
Best New Age Album,Snatam Kaur,False,2018,1080749202,68.75
"Best Spoken Word Album (Includes Poetry, Audio Books & Storytelling)",Carol Burnett,True,2016,1080749202,68.75
Best Country Solo Performance,Tanya Tucker,False,2019,1080749202,68.75
Best Metal Performance,Trivium,False,2018,1080749202,68.75
Best Jazz Instrumental Album,Joey DeFrancesco,False,2017,1080749202,68.75
Best Rap/Sung Performance,Young Thug,False,2019,263795051,70.0
Best Country Album,Sturgill Simpson,True,2016,1080749202,68.75
Best Dance/Electronic Album,Arca,False,2020,1080749202,68.75
Best Reggae Album,Roots Radics,False,2019,1080749202,68.75
Best Country Solo Performance,Ashley McBryde,False,2019,1080749202,68.75
Best Roots Gospel Album,Gloria Gaynor,True,2019,1080749202,68.75
Best Contemporary Instrumental Album,Snarky Puppy,True,2016,1080749202,68.75
Best Pop Solo Performance,Ariana Grande,False,2018,6148203839,70.16129032258064
Best Rap/Sung Performance,Drake,True,2016,4664809862,72.94736842105263
Best Gospel Album,Anita Wilson,False,2017,1080749202,68.75
Best Alternative Music Album,Fiona Apple,True,2020,1080749202,68.75
Best Contemporary Blues Album,Victor Wainwright,False,2018,1080749202,68.75
Best Latin Jazz Album,Arturo O'Farrill,True,2020,1080749202,68.75
Best Americana Album,Keb' Mo',True,2019,1080749202,68.75
Best Tropical Latin Album,Edwin Bonilla,False,2020,1080749202,68.75
Best Metal Performance,Body Count,False,2017,1080749202,68.75
Best Contemporary Christian Music Album,Michael W. Smith,False,2018,1080749202,68.75
Best Folk Album,Gregory Alan Isakov,False,2019,1080749202,68.75
Best Latin Pop or Urban Album,Debi Nova,False,2020,1080749202,68.75
Best Contemporary Blues Album,Fantastic Negrito,True,2016,1080749202,68.75
Best Bluegrass Album,Danny Barnes,False,2020,1080749202,68.75
Best Large Jazz Ensemble Album,John Hollenbeck Large Ensemble,False,2018,1080749202,68.75
Best Reggae Album,J Boog,False,2016,1080749202,68.75
"Best Latin Rock, Urban or Alternative Album",C4 Trío,False,2017,1080749202,68.75
Best Metal Performance,Killswitch Engage,False,2019,1080749202,68.75
Best Rock Performance,Leonard Cohen,True,2017,1080749202,68.75
Best Latin Pop Album,Ricardo Montaner,False,2019,1080749202,68.75
Best Dance/Electronic Album,Justice,True,2018,1080749202,68.75
Best American Roots Performance,Leonard Cohen,False,2017,1080749202,68.75
Best Country Album,Brandy Clark,False,2020,1080749202,68.75
Best Music Film,Freestyle Love Supreme,False,2020,1080749202,68.75
Best Traditional R&B Performance,The Baylor Project,False,2020,1080749202,68.75
Best Children's Album,Gustafer Yellowgold,False,2017,1080749202,68.75
Best Latin Jazz Album,Eddie Daniels,False,2018,1080749202,68.75
Best Contemporary Christian Music Album,Tauren Wells,False,2017,1080749202,68.75
Best Americana Album,The Wood Brothers,False,2018,1080749202,68.75
Best Pop Vocal Album,Lady Gaga,False,2017,2704386480,72.66666666666667
Best Dance/Electronic Album,Jon Hopkins,False,2018,1080749202,68.75
Best Traditional Pop Vocal Album,Josh Groban,False,2016,1080749202,68.75
Best Reggae Album,Chronixx,False,2017,1080749202,68.75
Best Song Written For Visual Media,Sia Furler,False,2017,1080749202,68.75
Best Large Jazz Ensemble Album,Orrin Evans,False,2020,1080749202,68.75
Album Of The Year,Jacob Collier,False,2020,1080749202,68.75
"Best Latin Rock, Urban or Alternative Album",Los Amigos Invisibles,False,2017,1080749202,68.75
Best Traditional R&B Performance,Lucky Daye,False,2019,1080749202,68.75
Best Regional Mexican Music Album (Including Tejano),Mariachi Divas De Cindy Shea,False,2016,1080749202,68.75
Best Song Written For Visual Media,Mikkel S. Eriksen,False,2016,1080749202,68.75
"Best Latin Rock, Urban or Alternative Album",Aterciopelados,False,2018,1080749202,68.75
Best Comedy Album,Amy Schumer,False,2016,1080749202,68.75
Best Americana Album,Hiss Golden Messenger,False,2020,1080749202,68.75
Best Children's Music Album,The Okee Dokee Brothers,False,2019,1080749202,68.75
Best Jazz Instrumental Album,Redman Mehldau McBride Blade,False,2020,1080749202,68.75
"Best Spoken Word Album (Includes Poetry, Audio Books & Storytelling)",Tiffany Haddish,False,2018,1080749202,68.75
Best Rap Album,Migos,False,2017,1125341569,28.4
Best Metal Performance,Death Angel,False,2019,1080749202,68.75
Best Contemporary Christian Music Album,MercyMe,False,2017,1080749202,68.75
Best Dance/Electronic Album,Sofi Tukker,False,2018,1080749202,68.75
Best Latin Jazz Album,Trio Da Paz,False,2016,1080749202,68.75
Best Rock Performance,HAIM,False,2020,1080749202,68.75
Best Traditional Blues Album,Don Bryant,False,2020,1080749202,68.75
Best World Music Album,Ladysmith Black Mambazo,True,2017,1080749202,68.75
Best Music Film,Nick Cave,False,2017,1080749202,68.75
Best World Music Album,Seun Kuti,False,2018,1080749202,68.75
Best Roots Gospel Album,Joey+Rory,True,2016,1080749202,68.75
Best Traditional Pop Vocal Album,Seth MacFarlane,False,2017,1080749202,68.75
Best Gospel Album,Jonathan McReynolds,False,2018,1080749202,68.75
Best Comedy Album,Ellen DeGeneres,False,2019,1080749202,68.75
Best Contemporary Instrumental Album,Steve Gadd Band,True,2018,1080749202,68.75
Best Rock Album,Grace Potter,False,2020,1080749202,68.75
Best Urban Contemporary Album,Meshell Ndegeocello,False,2018,1080749202,68.75
"Best Latin Rock, Urban or Alternative Album",COASTCITY,False,2018,1080749202,68.75
Best Tropical Latin Album,Charlie Aponte,False,2018,1080749202,68.75
Best Regional Mexican Music Album (Including Tejano),Aida Cuevas,True,2017,1080749202,68.75
Album Of The Year,HAIM,False,2020,1080749202,68.75
Best Urban Contemporary Album,NAO,False,2019,1080749202,68.75
Best R&B Performance,Jacob Collier,False,2020,1080749202,68.75
"Best Spoken Word Album (Includes Poetry, Audio Books & Storytelling)",Ken Jennings,False,2020,1080749202,68.75
Best Comedy Album,Jim Gaffigan,False,2017,1080749202,68.75
Best R&B Album,Toni Braxton,False,2018,1080749202,68.75
Best Rock Album,Panic! At The Disco,False,2016,822525134,79.0
Best World Music Album,Ladysmith Black Mambazo,False,2016,1080749202,68.75
Best Jazz Vocal Album,Tierney Sutton Band,False,2019,1080749202,68.75
Best Country Duo/Group Performance,Brothers Osborne,False,2016,1080749202,68.75
Best Reggae Album,Common Kings,False,2017,1080749202,68.75
"Best Spoken Word Album (Includes Poetry, Audio Books & Storytelling)",Carrie Fisher,True,2017,1080749202,68.75
Best Dance Recording,Meduza,False,2019,1080749202,68.75
Best Rock Album,Nothing More,False,2017,1080749202,68.75
Best Tropical Latin Album,Orquesta Akokán,False,2018,1080749202,68.75
Best Regional Roots Music Album,Young Spirit,False,2018,1080749202,68.75
Best Gospel Album,Anthony Brown,False,2020,1080749202,68.75
Best Metal Performance,Code Orange,False,2020,1080749202,68.75
Best Traditional R&B Performance,Mali Music,False,2017,1080749202,68.75
"Best Spoken Word Album (Includes Poetry, Audio Books & Storytelling)",Rachel Maddow,True,2020,1080749202,68.75
Best Regional Roots Music Album,Kalani Pe'a,True,2018,1080749202,68.75
Best Tropical Latin Album,Formell Y Los Van Van,False,2016,1080749202,68.75
Best Comedy Album,Patton Oswalt,False,2020,1080749202,68.75
Best Latin Jazz Album,Bobby Sanabria Multiverse Big Band,False,2018,1080749202,68.75
Best Latin Jazz Album,Afro-Peruvian Jazz Orchestra,False,2020,1080749202,68.75
Record Of The Year,Adele,True,2016,84194804,0.5
Best Country Duo/Group Performance,Lady Antebellum,False,2017,1080749202,68.75
Best Pop Duo/Group Performance,Tony Bennett,False,2018,1080749202,68.75
Best Rap Album,De La Soul,False,2016,1080749202,68.75
Best Rap Album,Chance The Rapper,True,2016,1080749202,68.75
Best Music Video,Future,False,2020,491853532,78.0
Best Country Solo Performance,Loretta Lynn,False,2018,1080749202,68.75
Best Roots Gospel Album,Steven Curtis Chapman,False,2019,1080749202,68.75
Record Of The Year,Drake,False,2018,4664809862,72.94736842105263
Best Jazz Vocal Album,Freddy Cole,False,2018,1080749202,68.75
Best Dance/Electronic Album,Madeon,False,2020,1080749202,68.75
Best Latin Pop Album,Maluma,False,2019,761361926,78.0
Best Pop Duo/Group Performance,J Balvin,False,2020,526088576,72.5
Best Dance/Electronic Album,The Chemical Brothers,True,2019,1080749202,68.75
Best Americana Album,The Avett Brothers,False,2016,1080749202,68.75
Best Contemporary Instrumental Album,Christian Scott aTunde Adjuah,False,2019,1080749202,68.75
Best Dance Recording,Sofi Tukker,False,2016,1080749202,68.75
Best Pop Solo Performance,Lady Gaga,True,2018,2704386480,72.66666666666667
Best Reggae Album,Morgan Heritage,False,2017,1080749202,68.75
Best Comedy Album,Kevin Hart,False,2017,1080749202,68.75
Best Comedy Album,Bill Burr,False,2020,1080749202,68.75
Best World Music Album,Anat Cohen,False,2017,1080749202,68.75
Best Bluegrass Album,The Po’ Ramblin’ Boys,False,2019,1080749202,68.75
Best Country Album,Brothers Osborne,False,2018,1080749202,68.75
Best Regional Roots Music Album,Cha Wa,False,2018,1080749202,68.75
Best Bluegrass Album,Billy Strings,True,2020,1080749202,68.75
Best Contemporary Blues Album,Boz Scaggs,False,2018,1080749202,68.75
"Best Spoken Word Album (Includes Poetry, Audio Books & Storytelling)",Bernie Sanders,False,2017,1080749202,68.75
Best Progressive R&B Album,Free Nationals,False,2020,1080749202,68.75
Best Americana Album,John Prine,False,2018,1080749202,68.75
Best Rap/Sung Performance,Kendrick Lamar,True,2017,2088786765,78.2
Best Country Album,Kelsea Ballerini,False,2018,1080749202,68.75
Best Alternative Music Album,St. Vincent,False,2018,1080749202,68.75
Record Of The Year,Ariana Grande,False,2019,6148203839,70.16129032258064
Best Rock Album,The War On Drugs,True,2017,1080749202,68.75
Record Of The Year,Black Pumas,False,2020,1080749202,68.75
Best Large Jazz Ensemble Album,John Beasley,False,2016,1080749202,68.75
Best Dance/Electronic Album,Kaytranada,True,2020,1080749202,68.75
Best Traditional Pop Vocal Album,Sarah McLachlan,False,2017,1080749202,68.75
Best Children's Album,Lisa Loeb,True,2017,1080749202,68.75
Best R&B Album,Lalah Hathaway,True,2016,1080749202,68.75
Best Contemporary Instrumental Album,Rodrigo y Gabriela,True,2019,1080749202,68.75
Best Jazz Vocal Album,Kenny Washington,False,2020,1080749202,68.75
Best Dance Recording,Kaytranada,True,2020,1080749202,68.75
Best Large Jazz Ensemble Album,Jim McNeely,False,2018,1080749202,68.75
Best Contemporary Instrumental Album,Lettuce,False,2019,1080749202,68.75
Best Country Duo/Group Performance,Little Big Town,False,2019,1080749202,68.75
Best Jazz Instrumental Album,Brad Mehldau Trio,False,2018,1080749202,68.75
Best Comedy Album,Trevor Noah,False,2019,1080749202,68.75
Best Contemporary Blues Album,Robert Randolph,False,2019,1080749202,68.75
Best Contemporary Instrumental Album,Grégoire Maret,False,2020,1080749202,68.75
Best Traditional Blues Album,Jontavious Willis,False,2019,1080749202,68.75
Best Latin Rock or Alternative Album,Cultura Profética,False,2020,1080749202,68.75
Best Rap Performance,Travis Scott,False,2018,946141341,83.0
