TRACK_ID,TRACK_NAME,TRACK_POPULARITY,TRACK_DURATION_MS,ARTIST_NAME,ARTIST_POPULARITY,ARTIST_FOLLOWERS,ARTIST_GENRES,ALBUM_NAME,RELEASE_YEAR
7KXjTSCq5nL1LoYtL7XAwS,HUMBLE.,83,177000,Kendrick Lamar,89.0,44577310.0,"hip hop, west coast hip hop",DAMN.,2017
2YFc0r6PUWDAeE38vJnCxR,ghost girl,72,173946,Lil Peep,82.0,15684530.0,"emo rap, cloud rap",crybaby,2016
3mPn97K8T07095yVSpYr6d,tonight you belong to me (feat. Paul & Carmella Costabile),45,86040,Christina Perri,71.0,4307803.0,soft pop,songs for carmella: lullabies & sing-a-longs,2019
6u7gmPOz7pzzaeR9xSBpsR,my hair,62,158436,Ariana Grande,90.0,107374593.0,pop,Positions,2020
5Pc594FhDA2Fa2prE75GT0,Pretty Please,50,194607,Dua Lipa,85.0,46886554.0,pop,Future Nostalgia,2020
5Ia3op6iA6g4Sv19Lorm4a,dream a little dream of me (sing-a-long),34,86080,Christina Perri,71.0,4307803.0,soft pop,songs for carmella: lullabies & sing-a-longs,2019
60iSKGrGazRzICtMjADNSM,Hold Me While You Wait,76,205686,Lewis Capaldi,79.0,14039018.0,soft pop,Divinely Uninspired To A Hellish Extent,2019
7E1jVNoWuemqUryI4FxsVD,off the table (with The Weeknd),65,239949,Ariana Grande,90.0,107374593.0,pop,Positions,2020
1H7KnK26kc1YyellpbINEn,The Woo (feat. 50 Cent & Roddy Ricch),69,201600,Pop Smoke,75.0,15612601.0,"brooklyn drill, new york drill, drill",Shoot For The Stars Aim For The Moon,2020
6eObMhagGCRnpIHn1E8vO8,In Da Club,54,193453,50 Cent,82.0,18851875.0,"east coast hip hop, old school hip hop",00s Middle School Dance,2019
2J4P46vCFm1rPkNkp9pZWX,Ice Cream (with Selena Gomez),62,175813,BLACKPINK,81.0,56140946.0,k-pop,Ice Cream (with Selena Gomez),2020
4TCeFZNjGNQIpCuZmJkkE2,God's Country,66,204800,Blake Shelton,69.0,7506632.0,country,Fully Loaded: God's Country,2019
5YUyW9opqNsMSEzzecZih1,X,75,172854,Nicky Jam,81.0,20568367.0,"reggaeton, latin",Intimo,2019
0TlLq3lA83rQOYtrqBqSct,Nonstop,76,238614,Drake,95.0,103039388.0,rap,Scorpion,2018
78YTl0P96kBCBXUSzKoqAm,Control,62,197789,Playboi Carti,86.0,15021860.0,rage rap,Whole Lotta Red,2020
1F6IbA7di42uPc3cff8PXV,Flaming Hot Cheetos,40,123884,Clairo,78.0,6602735.0,bedroom pop,Flaming Hot Cheetos,2017
22LAwLoDA5b4AaGSkg6bKW,Blueberry Faygo,70,162546,Lil Mosey,64.0,5982826.0,melodic rap,Certified Hitmaker,2020
5ruzrDWcT0vuJIOMW7gMnW,The Adults Are Talking,80,309053,The Strokes,74.0,6444988.0,"garage rock, indie rock, alternative rock",The New Abnormal,2020
1Vb4HQnN2kZ5Y2KgYF5TDV,No Lie,55,221176,Sean Paul,81.0,5276981.0,dancehall,No Lie,2016
6OI6QpU1Xe8YuT5J7OFGZU,Winter Bird,38,244146,AURORA,72.0,4694955.0,"norwegian pop, art pop",All My Demons Greeting Me As A Friend (Deluxe),2016
5fSZXFOZfPVW9gvnnG4ZVW,Punk Monk,59,229699,Playboi Carti,86.0,15021860.0,rage rap,Whole Lotta Red,2020
4w47S36wQGBhGg073q3nt7,TKN (feat. Travis Scott),66,129370,ROSALÍA,75.0,8573796.0,latin,TKN (feat. Travis Scott),2020
2t0wwvR15fc3K1ey8OiOaN,Selfless,76,222093,The Strokes,74.0,6444988.0,"garage rock, indie rock, alternative rock",The New Abnormal,2020
424qpX6swdUdhLq95cecNu,Pull Up,58,216400,Playboi Carti,86.0,15021860.0,rage rap,Die Lit,2018
2X3UgVLSA4wYriGIQyYmMA,Answer : Love Myself,63,251279,BTS,85.0,81181104.0,k-pop,Love Yourself 結 'Answer',2018
4a9tbd947vo9K8Vti9JwcI,Boy With Luv (feat. Halsey),76,229773,BTS,85.0,81181104.0,k-pop,MAP OF THE SOUL : PERSONA,2019
7qiZfU4dY1lWllzX7mPBI3,Shape of You,88,233712,Ed Sheeran,88.0,122773292.0,soft pop,÷ (Deluxe),2017
6XDcPFkoOIq7HSYPPsISMK,a thousand years (lullaby),49,171253,Christina Perri,71.0,4307803.0,soft pop,songs for carmella: lullabies & sing-a-longs,2019
2JvzF1RMd7lE3KmFlsyZD8,MIDDLE CHILD,76,213593,J. Cole,82.0,27069939.0,rap,MIDDLE CHILD,2019
4kZoZfj7IBg8eo1JZ2vsGO,Go Go,58,235779,BTS,85.0,81181104.0,k-pop,Love Yourself 結 'Answer',2018
7mldq42yDuxiUNn08nvzHO,Body Like A Back Road,66,165386,Sam Hunt,65.0,2473426.0,"country, pop country",Body Like A Back Road,2017
6habFhsOp2NvshLv26DqMb,Despacito,80,229360,Luis Fonsi,73.0,10981084.0,latin,VIDA,2019
7fmVIBMLYiXRtTFOlxv90i,til there was you,49,127613,Christina Perri,71.0,4307803.0,soft pop,songs for carmella: lullabies & sing-a-longs,2019
12OLyHDxt6dqlAybSPFBK3,Forever,71,210863,Lewis Capaldi,79.0,14039018.0,soft pop,Divinely Uninspired To A Hellish Extent,2019
3qN5qMTKyEEmiTZD38BNTT,I'm Upset,63,214466,Drake,95.0,103039388.0,rap,Scorpion,2018
5WoaF1B5XIEnWfmb5NZikf,Sky Walker (feat. Travis Scott),75,259333,Miguel,78.0,6129109.0,r&b,War & Leisure,2017
0GzmMQizDeA2NVMUaZksv0,Mi Gente (feat. Beyoncé),53,209733,J Balvin,86.0,39108338.0,"reggaeton, latin",Mi Gente (feat. Beyoncé),2017
12VWzyPDBCc8fqeWCAfNwR,One Dance,1,173986,Drake,95.0,103039388.0,rap,Views,2016
4KYS9GK68yeuUJ8vJfPxrq,WHO? WHAT!,67,176720,Travis Scott,89.0,41107596.0,rap,ASTROWORLD,2018
6NoVGd3nTHsmBV1yduWRta,Bad Decisions,42,297786,Two Door Cinema Club,66.0,2546120.0,"indie, indie rock",Gameshow (Deluxe Edition),2016
1whfVLMKWqAX3uk97VXsNN,west side,62,132278,Ariana Grande,90.0,107374593.0,pop,Positions,2020
0tgVpDi06FyKpA1z0VMD4v,Perfect,88,263400,Ed Sheeran,88.0,122773292.0,soft pop,÷ (Deluxe),2017
1FBi1YWCAxlRmfuUbMINqO,Runaway,68,192760,Lil Peep,82.0,15684530.0,"emo rap, cloud rap","Come Over When You're Sober, Pt. 2",2018
48QmG1dfvMuYLxMPt7KSRA,No Lie,83,221176,Sean Paul,81.0,5276981.0,dancehall,Mad Love The Prequel,2018
5FAVZuimEijg8ogtTXFgHM,Play It Again,44,226866,Luke Bryan,74.0,9406293.0,"country, acoustic country",Best Of The 10s: Country,2019
7lztvN7UHRDsMEf8ooKvUS,stay awake,43,65239,Christina Perri,71.0,4307803.0,soft pop,songs for carmella: lullabies & sing-a-longs,2019
3smbno1dKL410vC27M5KOS,Tear,51,284980,BTS,85.0,81181104.0,k-pop,Love Yourself 結 'Answer',2018
4wFjTWCunQFKtukqrNijEt,MotorSport,66,303076,Migos,74.0,14636928.0,trap,Culture II,2018
4SUwJA3eUVNHExxMPEUhQe,Ratchet Happy Birthday,50,207306,Drake,95.0,103039388.0,rap,Scorpion,2018
3T9CfDxFYqZWSKxd0BhZrb,Wait,63,190642,Maroon 5,85.0,45764832.0,pop,Red Pill Blues (Deluxe),2018
6lLDL0dGG00wcyo1yQTnUY,When I Lie (Remix) (feat. Ty Dolla $ign),36,193666,Lil Peep,82.0,15684530.0,"emo rap, cloud rap",For The Throne (Music Inspired by the HBO Series Game of Thrones),2019
5nCthAh3jt4xKuLJAifAaR,Harleys In Hawaii,73,185815,Katy Perry,83.0,38385499.0,pop,Harleys In Hawaii,2019
4cNpO3kF8rqcH8G3huFCJp,you are my sunshine,75,82200,Christina Perri,71.0,4307803.0,soft pop,songs for carmella: lullabies & sing-a-longs,2019
4iLqG9SeJSnt0cSPICSjxv,Attention,4,211475,Charlie Puth,79.0,25301942.0,"soft pop, pop",Attention,2017
6HYdqZjxe8apLE4pF551h4,pray i die,0,214066,Lil Peep,82.0,15684530.0,"emo rap, cloud rap",CALIFORNIA GIRLS,2016
3wFLWP0FcIqHK1wb1CPthQ,fake smile,63,208880,Ariana Grande,90.0,107374593.0,pop,"thank u, next",2019
11L064movtyopGdLiX4sVg,Peak,62,206026,Drake,95.0,103039388.0,rap,Scorpion,2018
52okn5MNA47tk87PeZJLEL,Let You Down,77,212120,NF,76.0,11162039.0,christian hip hop,Perception,2017
6a0gRYXKK0YU69cXaB2RrK,FAKE LOVE,60,242333,BTS,85.0,81181104.0,k-pop,Love Yourself 結 'Answer',2018
5ry2OE6R2zPQFDO85XkgRb,Money In The Grave (Drake ft. Rick Ross),73,205426,Drake,95.0,103039388.0,rap,The Best In The World Pack,2019
36orMWv2PgvnzXsd5CJ0yL,Post Malone (feat. RANI),62,174444,Sam Feldt,65.0,802553.0,tropical house,Post Malone (feat. RANI) [Joe Stone Remix],2019
6UIo6YbaXihIZ72MWUpcGb,KILL4ME,58,239240,Marilyn Manson,71.0,4968982.0,"industrial metal, industrial rock, industrial, metal, nu metal",Heaven Upside Down,2017
0tShdTlRbZas6OFwEkX56U,you mean the whole wide world to me,43,108960,Christina Perri,71.0,4307803.0,soft pop,songs for carmella: lullabies & sing-a-longs,2019
1yoMvmasuxZfqHEipJhRbp,Hawái,78,199112,Maluma,83.0,38568546.0,"reggaeton, latin, urbano latino",PAPI JUANCHO,2020
4S8d14HvHb70ImctNgVzQQ,I Love It (& Lil Pump),67,127946,Kanye West,89.0,31038851.0,rap,I Love It,2018
3Z8FwOEN59mRMxDCtb8N0A,Be Kind (with Halsey),71,172761,Marshmello,80.0,34476607.0,edm,Be Kind (with Halsey),2020
6WrI0LAC5M1Rw2MnX2ZvEg,Don't Start Now,72,183290,Dua Lipa,85.0,46886554.0,pop,Don't Start Now,2019
20MuVazoNMv6xjKPnRFOxG,WAKE UP,64,231963,Travis Scott,89.0,41107596.0,rap,ASTROWORLD,2018
2VxeLyX666F8uXCJ0dZF8B,Shallow,84,215733,Lady Gaga,88.0,42237551.0,"art pop, pop",A Star Is Born Soundtrack,2018
3mC8VlVBwdVxCTq4cYZr64,Future Nostalgia,47,184881,Dua Lipa,85.0,46886554.0,pop,Future Nostalgia,2020
5IgjP7X4th6nMNDh4akUHb,Under The Influence,83,184613,Chris Brown,87.0,28305692.0,r&b,Indigo (Extended),2019
0otRX6Z89qKkHkQ9OqJpKt,Car's Outside,83,248373,James Arthur,79.0,20848055.0,soft pop,YOU,2019
7FIWs0pqAYbP91WWM0vlTQ,Godzilla (feat. Juice WRLD),80,210800,Eminem,88.0,104517308.0,"rap, hip hop",Music To Be Murdered By,2020
4BhGTc3Cgay2U1QcTS7vQe,Fire & Desire,73,238120,Drake,95.0,103039388.0,rap,Views,2016
1oXHXIB8rHgwHSsPRNjEzn,Last Dance,56,228976,Dua Lipa,85.0,46886554.0,pop,Dua Lipa (Deluxe),2017
1nueTG77MzNkJTKQ0ZdGzT,Don't Wanna Know (feat. Kendrick Lamar),64,214265,Maroon 5,85.0,45764832.0,pop,Red Pill Blues (Deluxe),2018
0sXvAOmXgjR2QUqLK1MltU,La Bicicleta,64,227706,Carlos Vives,72.0,6795970.0,"colombian pop, vallenato, latin, latin pop",El Dorado,2017
1sgDyuLooyvEML4oHspNza,Lose Somebody,63,199549,Kygo,76.0,8669911.0,tropical house,Golden Hour,2020
1Bhm5HNO1cq8olDbBmokyL,Copines,74,171720,Aya Nakamura,70.0,5545344.0,"french r&b, pop urbaine",NAKAMURA,2018
5f1joOtoMeyppIcJGZQvqJ,Be Like That - feat. Swae Lee & Khalid,65,191406,Kane Brown,71.0,5777873.0,"country, pop country",Be Like That (feat. Swae Lee & Khalid),2020
4evmHXcjt3bTUHD1cvny97,Beautiful People (feat. Khalid),69,197866,Ed Sheeran,88.0,122773292.0,soft pop,Beautiful People (feat. Khalid),2019
1Tnw0ItH1Macok8gblnPPd,Is There More,55,226906,Drake,95.0,103039388.0,rap,Scorpion,2018
3vWzyGTu6Ovo1GdrcJqH6e,Scared of the Dark (feat. XXXTENTACION),70,233000,Lil Wayne,86.0,17928214.0,"rap, hip hop",Spider-Man: Into the Spider-Verse (Soundtrack From & Inspired by the Motion Picture),2018
3gG6YfBhtPNmc8A1sKjyW3,"Murder Song (5, 4, 3, 2, 1)",36,200386,AURORA,72.0,4694955.0,"norwegian pop, art pop",All My Demons Greeting Me As A Friend (Deluxe),2016
7BqHUALzNBTanL6OvsqmC1,Happier,81,214289,Marshmello,80.0,34476607.0,edm,Happier,2018
7abUe1ZCGHIMtIAnGKBbSo,remember me (sing-a-long),36,58813,Christina Perri,71.0,4307803.0,soft pop,songs for carmella: lullabies & sing-a-longs,2019
5e574bhjycX1eH2l4Auage,Grammys,58,220426,Drake,95.0,103039388.0,rap,Views,2016
4apiNNK0jp9uqn3JDG9My1,Dark Knight Dummo,2,256161,Trippie Redd,80.0,11004914.0,melodic rap,LIFE'S A TRIP,2018
6SznMYPQJHzr3IwsAHLId2,Bibia Be Ye Ye,57,176746,Ed Sheeran,88.0,122773292.0,soft pop,÷ (Deluxe),2017
1kKYjjfNYxE0YYgLa7vgVY,Higher Love,71,228267,Kygo,76.0,8669911.0,tropical house,Golden Hour,2020
4PA16FAl8LPmFmOhARawdV,Weston Road Flows,66,253533,Drake,95.0,103039388.0,rap,Views,2016
2XW3vH6ZqMHvlzUSfhWW2X,BALI,0,199384,Rich Brian,65.0,2145729.0,indonesian hip hop,BALI,2020
5e0726B3tYcuFnXXQ630Q7,dream a little dream of me,43,86080,Christina Perri,71.0,4307803.0,soft pop,songs for carmella: lullabies & sing-a-longs,2019
1lw4FrPr3Y8R7Q1Mro2TMe,Still Trappin',64,172185,Lil Durk,78.0,9504357.0,"chicago drill, drill",The Voice,2020
37nOpaUof3d4Xsmr6moAiI,Magic Shop,61,275695,BTS,85.0,81181104.0,k-pop,Love Yourself 結 'Answer',2018
3P3pw6C19j31Rnzgo3JG7o,Perfect Strangers,76,196613,Jonas Blue,72.0,3877645.0,tropical house,Blue,2018
0NDtICd6reOb1eRx4N8OtG,Through The Eyes Of A Child,44,274413,AURORA,72.0,4694955.0,"norwegian pop, art pop",All My Demons Greeting Me As A Friend (Deluxe),2016
3mvYQKm8h6M5K5h0nVPY9S,After Dark (feat. Static Major & Ty Dolla $ign),57,289560,Drake,95.0,103039388.0,rap,Scorpion,2018
4L9Ds4mpD3SuYoWwFUlv16,Simple,66,185200,Florida Georgia Line,70.0,5588772.0,"country, pop country, acoustic country",Can't Say I Ain't Country,2019
7COfe3P7KgfwDwIRB8LIDw,Mi Gente,76,185040,J Balvin,86.0,39108338.0,"reggaeton, latin",Vibras,2018
22KOdUGzCX4whxSP5HmGLo,Under The Water,35,264600,AURORA,72.0,4694955.0,"norwegian pop, art pop",All My Demons Greeting Me As A Friend (Deluxe),2016
0yc6Gst2xkRu0eMLeRMGCX,Apocalypse,15,290616,Cigarettes After Sex,83.0,17365648.0,dream pop,Cigarettes After Sex,2017
69vToJ9BMbbLlFZo7k7A7B,You Are The Reason,79,204326,Calum Scott,73.0,6168229.0,soft pop,Only Human (Deluxe),2018
6uBhi9gBXWjanegOb2Phh0,Stay,76,210090,Zedd,73.0,6111369.0,edm,Stay,2017
2yg9UN4eo5eMVJ7OB4RWj3,Survival,58,136186,Drake,95.0,103039388.0,rap,Scorpion,2018
2IKJtXeR5UsaUjZB46fTOK,six thirty,58,183874,Ariana Grande,90.0,107374593.0,pop,Positions,2020
3szf2z1Cy1QMrtHrbn8rz9,Elevate,59,184960,Drake,95.0,103039388.0,rap,Scorpion,2018
4YDHRtzm0OGuieCTVQjVuk,Trivia 起 : Just Dance,60,225220,BTS,85.0,81181104.0,k-pop,Love Yourself 結 'Answer',2018
5GkQIP5mWPi4KZLLXeuFTT,motive (with Doja Cat),73,167989,Ariana Grande,90.0,107374593.0,pop,Positions,2020
5yY9lUy8nbvjM1Uyo1Uqoc,Life Is Good (feat. Drake),72,237735,Future,88.0,22675640.0,rap,Life Is Good (feat. Drake),2020
2OALaHcDdKkjYEpAr0Qzab,Lonely Together (feat. Rita Ora),46,181812,Avicii,79.0,23434221.0,edm,AVĪCI (01),2017
2b8fOow8UzyDFAE27YhOZM,Memories,33,189486,Maroon 5,85.0,45764832.0,pop,Memories,2019
5Xhqh4lwJPtMUTsdBztN1a,Me Gusta,65,190570,Shakira,85.0,39777995.0,latin pop,Me Gusta,2020
0kM7Geaz7x7r17CPONjpOU,What We Said (feat. MAGIC!) - Comme moi English Version,38,179480,Shakira,85.0,39777995.0,latin pop,El Dorado,2017
5w3NgfV8v1nNZFLUBlGHIL,Light It Up,60,177305,Luke Bryan,74.0,9406293.0,"country, acoustic country",What Makes You Country,2017
0mlAOSILGRys2IbvyOT5VJ,Échame La Culpa,73,173800,Luis Fonsi,73.0,10981084.0,latin,VIDA,2019
0fpC8u0M88v0DDIZJ4VHHq,a thousand years (lullaby) [sing-a-long],38,171280,Christina Perri,71.0,4307803.0,soft pop,songs for carmella: lullabies & sing-a-longs,2019
2R4AlwtrrkMaRKojcTIzmL,For the First Time,82,182306,Mac DeMarco,79.0,7990625.0,"indie, lo-fi indie",This Old Dog,2017
4Lxseh0wN7N0ljiOh8KwbU,Come & Go (with Marshmello),54,205484,Juice WRLD,85.0,42528657.0,"melodic rap, emo rap",Come & Go (with Marshmello),2020
5tFep7dXGd7vEJ668wTPux,Both (feat. Drake),66,190311,Gucci Mane,76.0,5985945.0,"southern hip hop, rap, trap",The Return of East Atlanta Santa,2016
4gB7HrYHbJVJ5RFOjxmoq4,One Number Away,76,221800,Luke Combs,83.0,13397845.0,country,This One's for You,2017
476j7IDRIDRvv1Xu71EVc8,Never Be Like You,66,233337,Flume,68.0,2508510.0,future bass,Skin,2016
4KW1lqgSr8TKrvBII0Brf8,Father Stretch My Hands Pt. 1,78,135920,Kanye West,89.0,31038851.0,rap,The Life Of Pablo,2016
5cF0dROlMOK5uNZtivgu50,Attention,87,208786,Charlie Puth,79.0,25301942.0,"soft pop, pop",Voicenotes,2018
5LIX0JWid6ASLhAikVo3Ah,Red Roses - LIOHN's Tokyo Drift Remix,37,223384,Lil Skies,64.0,5287445.0,melodic rap,Red Roses (LIOHN's Tokyo Drift Remix),2018
1xznGGDReH1oQq0xzbwXa3,One Dance,4,173986,Drake,95.0,103039388.0,rap,Views,2016
4VuS959DSpr82t3qBqCrWG,Supermarket Flowers,73,221106,Ed Sheeran,88.0,122773292.0,soft pop,÷ (Deluxe),2017
2XSrt1dcuOXPgl3B4bxmBz,Carrollton,63,203897,$uicideboy$,83.0,8957416.0,"emo rap, horrorcore, cloud rap, trap metal, underground hip hop",I Want to Die In New Orleans,2018
0p0jvYdazuWBMC8QacxpUH,World Is Yours (Lil Baby & Gunna),49,157198,Gunna,85.0,10342615.0,melodic rap,Drip Harder,2018
4QJ58lQahpEtD7622moUxS,Pick Up,43,213386,Dierks Bentley,65.0,3315988.0,country,Black,2016
5hKlxxRX96eR2Oi0auituc,My Wish,39,248280,Rascal Flatts,68.0,3672166.0,country,Country Wedding Songs,2020
0w5Bdu51Ka25Pf3hojsKHh,Hard Times,78,182693,Paramore,79.0,9792848.0,"pop punk, emo",After Laughter,2017
6MFVCPU3QN3YqMjJz4mtFe,When a Woman,40,198106,Shakira,85.0,39777995.0,latin pop,El Dorado,2017
3BUT32qmBXmlqp3EJkgRfp,Remember,52,189866,Hans Zimmer,77.0,4777574.0,soundtrack,The Lion King (Original Motion Picture Soundtrack),2019
1M4Ud66z18wuIq3oOxqVHa,bad idea!,1,219638,girl in red,73.0,8763286.0,bedroom pop,bad idea!,2019
5wtOHGEoLWLfQyqskk7C6s,you are my sunshine (sing-a-long),37,78533,Christina Perri,71.0,4307803.0,soft pop,songs for carmella: lullabies & sing-a-longs,2019
3OtMnyUaiipcAT23A8liyi,Swish Swish,63,242520,Katy Perry,83.0,38385499.0,pop,Witness (Deluxe),2017
2eAAEa8pxKF7My0EO4rFgR,Blow Your Mind (Mwah),65,178583,Dua Lipa,85.0,46886554.0,pop,Dua Lipa (Deluxe),2017
2MUKw7zEirXqdZZ3xC4hOf,Hallucinate,50,208505,Dua Lipa,85.0,46886554.0,pop,Future Nostalgia,2020
1xYpVRspgaLxdJLOTQkTjg,STOP TRYING TO BE GOD,66,338438,Travis Scott,89.0,41107596.0,rap,ASTROWORLD,2018
6Up545NUflOiXo8cEraH49,You Say,74,274693,Lauren Daigle,67.0,3134316.0,"christian, worship, ccm, christian pop",Look Up Child,2018
4PnNzWe1LJoAMD5j5RHpI0,DEVASTATED,63,207058,Joey Bada$$,70.0,3817987.0,"hip hop, rap",ALL-AMERIKKKAN BADA$$,2017
343YBumqHu19cGoGARUTsd,Fake Love,69,210937,Drake,95.0,103039388.0,rap,More Life,2017
5QKK7785dSYrutocW7lGub,Truth,51,211253,Ramin Djawadi,65.0,718254.0,soundtrack,Game Of Thrones: Season 7 (Music from the HBO Series),2017
7ycWLEP1GsNjVvcjawXz3z,Praise The Lord (Da Shine) (feat. Skepta),79,205040,A$AP Rocky,82.0,17326256.0,rap,TESTING,2018
1lOe9qE0vR9zwWQAOk6CoO,Ransom,82,131240,Lil Tecca,79.0,10163759.0,"melodic rap, rap",We Love You Tecca,2019
2DEZmgHKAvm41k4J3R2E9Y,Safaera,77,295176,Bad Bunny,95.0,102500980.0,"reggaeton, trap latino, urbano latino, latin",YHLQMDLG,2020
2Vastz1dhnZq0BhvasIgJ6,Half The World Away,36,198133,AURORA,72.0,4694955.0,"norwegian pop, art pop",All My Demons Greeting Me As A Friend (Deluxe),2016
2xB46Bj9HZ4cr058yN4Pla,Secrets,73,133331,A Boogie Wit da Hoodie,77.0,8986062.0,melodic rap,Artist 2.0 (Deluxe),2020
5HsPn6gWnDyW70FGOMHkg1,Humble And Kind,42,260026,Tim McGraw,69.0,5042529.0,"country, classic country",McGraw Machine Hits: 2013-2019 (Big Machine Radio Release Special),2020
1fipvP2zmef6vN2IwXfJhY,I’m Ready (with Demi Lovato),50,200838,Sam Smith,81.0,26272346.0,soft pop,I’m Ready (with Demi Lovato),2020
1AVtceapuF36oZqI9gzp0o,Don't Start Now,52,183290,Dua Lipa,85.0,46886554.0,pop,Future Nostalgia,2020
24ySl2hOPGCDcxBxFIqWBu,Rain On Me (with Ariana Grande),68,182200,Lady Gaga,88.0,42237551.0,"art pop, pop",Rain On Me (with Ariana Grande),2020
4EuGBkrWOuapwX9GSIVEB0,Dirt On My Boots,40,201893,Jon Pardi,73.0,2338518.0,"country, acoustic country",Good Morning Music: Country Jams,2019
7ce20yLkzuXXLUhzIDoZih,Before You Go,68,215106,Lewis Capaldi,79.0,14039018.0,soft pop,Before You Go,2019
4n1bdaKwynQndm47x5HqWX,Blue Tint,59,162800,Drake,95.0,103039388.0,rap,Scorpion,2018
1dS4l6xmdgEhCZTAhdOm4N,Serendipity (Full Length Edition),66,276707,BTS,85.0,81181104.0,k-pop,Love Yourself 結 'Answer',2018
1sdntExbJUWIqO4CyC0BBL,Running With The Wolves - Pablo Nouvelle Remix,29,230266,AURORA,72.0,4694955.0,"norwegian pop, art pop",All My Demons Greeting Me As A Friend (Deluxe),2016
7DrluKkTviBwCc8AV3VGmf,Clandestino,70,231920,Shakira,85.0,39777995.0,latin pop,Clandestino,2018
7igeByaBM0MgGsgXtNxDJ7,positions,0,172324,Ariana Grande,90.0,107374593.0,pop,positions,2020
5qCQyPB2MEICEcSC8WVbNx,White Girl,59,201333,Lil Peep,82.0,15684530.0,"emo rap, cloud rap","Come Over When You're Sober, Pt. 2",2018
7HYJqAMbKDJYRyEfUGOCBB,I'm Fine,64,240339,BTS,85.0,81181104.0,k-pop,Love Yourself 結 'Answer',2018
0lMbuWUpfTWhEmOKxppEau,Rollin (feat. Future & Khalid),62,272653,Calvin Harris,84.0,23078238.0,edm,Funk Wav Bounces Vol.1,2017
7dZ1Odmx9jWIweQSatnRqo,Million Reasons,75,205280,Lady Gaga,88.0,42237551.0,"art pop, pop",Joanne (Deluxe),2016
7vxLj7MREliG5i5vSnqSVr,Body,73,193840,Summer Walker,76.0,8011254.0,r&b,Over It,2019
4HbeGjbt7u3pvwDk1vN7P0,Mystery of Love,66,248964,Sufjan Stevens,70.0,2360290.0,baroque pop,Call Me By Your Name (Original Motion Picture Soundtrack),2017
3fRJwWQp9g2skjBFsNqHNV,Under Stars - Loon Remix,26,213093,AURORA,72.0,4694955.0,"norwegian pop, art pop",All My Demons Greeting Me As A Friend (Deluxe),2016
7qEHsqek33rTcFNT9PFqLf,Someone You Loved,86,182160,Lewis Capaldi,79.0,14039018.0,soft pop,Divinely Uninspired To A Hellish Extent,2019
0w3Q14i073jLoew1hgJkwD,Heartache On The Dance Floor,75,205200,Jon Pardi,73.0,2338518.0,"country, acoustic country",California Sunrise,2016
7ghmZhLpmQe9nTluI1czmr,Say It,49,262521,Flume,68.0,2508510.0,future bass,Skin,2016
3A7qX2QjDlPnazUsRk5y0M,2U (feat. Justin Bieber),63,194896,David Guetta,87.0,27139342.0,edm,2U (feat. Justin Bieber),2017
0FE9t6xYkqWXU2ahLh6D8X,Shape of You,5,233712,Ed Sheeran,88.0,122773292.0,soft pop,Shape of You,2017
46NBoIAHrmR7qcUGCIFEjR,This One's for You (feat. Zara Larsson) (Official Song UEFA EURO 2016),67,207272,David Guetta,87.0,27139342.0,edm,This One's for You (feat. Zara Larsson) [Official Song UEFA EURO 2016],2016
2RttW7RAu5nOAfq6YFvApB,Happier,75,207520,Ed Sheeran,88.0,122773292.0,soft pop,÷ (Deluxe),2017
2EgB4n6XyBsuNUbuarr4eG,New Freezer (feat. Kendrick Lamar),58,191937,Rich The Kid,63.0,3479471.0,trap,The World Is Yours,2018
0Ryd8975WihbObpp5cPW1t,boyfriend (with Social House),79,186106,Ariana Grande,90.0,107374593.0,pop,boyfriend,2019
6cblRiEGDRNZgowcm951R3,Sandra’s Rose,66,216333,Drake,95.0,103039388.0,rap,Scorpion,2018
76cy1WJvNGJTj78UqeA5zr,IDGAF,78,217946,Dua Lipa,85.0,46886554.0,pop,Dua Lipa (Deluxe),2017
7kuXNqy7yXiXhGzBcceCEG,Amarillo By Morning,47,172813,George Strait,72.0,5158411.0,"country, classic country, traditional country, honky tonk",Old Country Hits,2019
29f11nLUcMYQ2Ndbnb7N0o,Dancing With A Stranger (With Normani) - Acoustic,55,187621,Sam Smith,81.0,26272346.0,soft pop,Dancing With A Stranger (With Normani) [Acoustic],2019
2lLG56qpLP3UbcLuzMvkWX,Stop Breathing,68,218943,Playboi Carti,86.0,15021860.0,rage rap,Whole Lotta Red,2020
3GJ4hzg4lrGwU51Y3VARbF,Speechless,67,213386,Dan + Shay,66.0,3203185.0,country,Dan + Shay,2018
6HZILIRieu8S0iqY8kIKhj,DNA.,77,185946,Kendrick Lamar,89.0,44577310.0,"hip hop, west coast hip hop",DAMN.,2017
2x0RZdkZcD8QRI53XT4GI5,SOS (feat. Aloe Blacc),68,157202,Avicii,79.0,23434221.0,edm,TIM,2019
7AFASza1mXqntmGtbxXprO,changes,73,121886,XXXTENTACION,83.0,51710210.0,emo rap,?,2018
159ip0G1kN9u68FsczBhLj,a dream is a wish your heart makes (sing-a-long),37,125266,Christina Perri,71.0,4307803.0,soft pop,songs for carmella: lullabies & sing-a-longs,2019
4xD54NS4r4CCwuyIrYMEtV,you mean the whole wide world to me (sing-a-long),36,108933,Christina Perri,71.0,4307803.0,soft pop,songs for carmella: lullabies & sing-a-longs,2019
5o7ZDvfOry1MNhNLBOJulo,1000 Rounds,1,163355,Ghostemane,64.0,3698335.0,"trap metal, horrorcore, emo rap, cloud rap, rap metal",1000 Rounds,2017
4aBYzs8RxZMuqyOanNlf8I,Like I Do,47,201560,David Guetta,87.0,27139342.0,edm,7,2018
5Qn56ssVeZJfNwDCme7Eo0,Amarillo,60,219640,Shakira,85.0,39777995.0,latin pop,El Dorado,2017
4kV4N9D1iKVxx1KLvtTpjS,"break up with your girlfriend, i'm bored",74,190440,Ariana Grande,90.0,107374593.0,pop,"thank u, next",2019
3u1S1OmAUhx5DRlLrXqyp3,Rise,59,194407,Jonas Blue,72.0,3877645.0,tropical house,Rise,2018
62vDrkBEyJYEOFj1ScBqM7,Sin Pijama,66,190160,Becky G,74.0,16646605.0,"reggaeton, latin",MALA SANTA,2019
1WjGvMbHE23jEipydV80Mu,FAKE LOVE (Rocking Vibe Mix),52,238494,BTS,85.0,81181104.0,k-pop,Love Yourself 結 'Answer',2018
2NlTOhsAamXOaZciOXbITb,Cold (feat. Future),74,234308,Maroon 5,85.0,45764832.0,pop,Red Pill Blues (Deluxe),2018
2U5WueTLIK5WJLD7mvDODv,Wishing Well,76,194621,Juice WRLD,85.0,42528657.0,"melodic rap, emo rap",Legends Never Die,2020
3ppVO2tyWRRznNmONvt7Se,Summers Over Interlude,72,106333,Drake,95.0,103039388.0,rap,Views,2016
4sPmO7WMQUAf45kwMOtONw,Hello,0,295493,Adele,83.0,66705650.0,soft pop,25,2016
7zLMYtNJcabv4h4wBnjNQI,M3tamorphosis (feat. Kid Cudi),59,312256,Playboi Carti,86.0,15021860.0,rage rap,Whole Lotta Red,2020
4cRBqWBjuccCowYVHFlXK6,Redemption,68,333946,Drake,95.0,103039388.0,rap,Views,2016
4nsn9ftA0W71lBXZLgGXho,AQUAFINA (feat. Rich The Kid),45,182560,Lil Peep,82.0,15684530.0,"emo rap, cloud rap",EVERYBODY'S EVERYTHING,2019
37FXw5QGFN7uwwsLy8uAc0,We Don't Talk Anymore (feat. Selena Gomez),63,217706,Charlie Puth,79.0,25301942.0,"soft pop, pop",Nine Track Mind,2016
7KZ5MMVgBVox9ycroB2UrI,CAROUSEL,63,180182,Travis Scott,89.0,41107596.0,rap,ASTROWORLD,2018
7nAfXgeHfDO50upcOjJOaq,Talking to Myself,60,231306,Linkin Park,88.0,31785695.0,"nu metal, rap metal, rock, alternative metal",One More Light,2017
08bNPGLD8AhKpnnERrAc6G,FRIENDS,17,202620,Marshmello,80.0,34476607.0,edm,FRIENDS,2018
4MXhiYIRDMGAuvZc5IFTwC,ASTROTHUNDER,77,142969,Travis Scott,89.0,41107596.0,rap,ASTROWORLD,2018
6zZhlOWizcEG1T7zsTdI6N,IDGAF,57,214293,Lil Peep,82.0,15684530.0,"emo rap, cloud rap","Come Over When You're Sober, Pt. 2",2018
70lnL3QaSOIIyMa2X9aVRL,Perro Fiel (feat. Nicky Jam),72,195213,Shakira,85.0,39777995.0,latin pop,El Dorado,2017
4dVpf9jZjcORqGTLUaeYj9,Plain Jane,68,173600,A$AP Ferg,68.0,4287336.0,rap,Still Striving,2017
2xneniL4mcJebMJnkle3vY,Karma - Sped Up,0,161540,Summer Walker,76.0,8011254.0,r&b,Karma (Sped Up),2018
03L2AoiRbWhvt7BDMx1jUB,U With Me?,65,297373,Drake,95.0,103039388.0,rap,Views,2016
2mIKaCZB2dlRWzRP7z2mwq,When I Lie,48,237000,Lil Peep,82.0,15684530.0,"emo rap, cloud rap",EVERYBODY'S EVERYTHING,2019
1TSJsPnpjyUFsffwekaUUg,Highway Don't Care,42,279066,Tim McGraw,69.0,5042529.0,"country, classic country",McGraw Machine Hits: 2013-2019,2020
2TXtN9MoV308Y0z1HvyTfV,You Make It Easy,76,193226,Jason Aldean,74.0,7052478.0,"country, acoustic country",Rearview Town,2018
1rqqCSm0Qe4I9rUvWncaom,High Hopes,79,190946,Panic! At The Disco,76.0,12721192.0,emo,Pray for the Wicked,2018
46ydq5g3k17iLJs3qMDvO6,Hurts So Good,68,208728,Astrid S,62.0,1379500.0,norwegian pop,Astrid S,2016
14gkWVFMwdxBMyqBw1wmIg,safety net (feat. Ty Dolla $ign),69,208457,Ariana Grande,90.0,107374593.0,pop,Positions,2020
54azQnjuDYDFfImXimGFsA,IDOL,57,260233,BTS,85.0,81181104.0,k-pop,Love Yourself 結 'Answer',2018
3L0IKstjUgDFVQAbQIRZRv,R.I.P.,71,192026,Playboi Carti,86.0,15021860.0,rage rap,Die Lit,2018
2IRZnDFmlqMuOrYOLnZZyc,Going Bad (feat. Drake),73,180522,Meek Mill,72.0,8277770.0,rap,Championships,2018
09IStsImFySgyp0pIQdqAc,The Middle,77,184732,Zedd,73.0,6111369.0,edm,The Middle,2018
7wBJfHzpfI3032CSD7CE2m,STARGAZING,73,270714,Travis Scott,89.0,41107596.0,rap,ASTROWORLD,2018
42fw0rxRO2xbesF6mJfd4Y,Tequila,67,196746,Dan + Shay,66.0,3203185.0,country,Dan + Shay,2018
3xYfDSxJhRLDIb1fw71WTw,Best Of Me,57,227191,BTS,85.0,81181104.0,k-pop,Love Yourself 結 'Answer',2018
5PjdC2gMATetx5xdnwGUu7,i wanna be your girlfriend,74,204990,girl in red,73.0,8763286.0,bedroom pop,i wanna be your girlfriend,2018
1HRTFytvp1Bs50ckTlL5qs,bad idea!,52,219638,girl in red,73.0,8763286.0,bedroom pop,chapter 2,2019
1oQDxrvz8PAxAAs0Sl1dcX,I Don't Want This Night To End,44,219973,Luke Bryan,74.0,9406293.0,"country, acoustic country",Best Country Of The Decade: 2011-2020,2020
7ujx3NYtwO2LkmKGz59mXp,HUMBLE.,3,177000,Kendrick Lamar,89.0,44577310.0,"hip hop, west coast hip hop",DAMN.,2017
4bXnJTJtfZ32yWoNDPjXn0,Running With The Wolves,49,194760,AURORA,72.0,4694955.0,"norwegian pop, art pop",All My Demons Greeting Me As A Friend (Deluxe),2016
7CAbF0By0Fpnbiu6Xn5ZF7,Kingslayer (feat. BABYMETAL),73,220041,Bring Me The Horizon,77.0,6631275.0,"metalcore, emo, screamo, rock, post-hardcore",POST HUMAN: SURVIVAL HORROR,2020
1imMjt1YGNebtrtTAprKV7,Love Again,57,258004,Dua Lipa,85.0,46886554.0,pop,Future Nostalgia,2020
6AzKhCHOms83jvNVLsz0Bt,Djadja (feat. Maluma) - Remix,59,166850,Aya Nakamura,70.0,5545344.0,"french r&b, pop urbaine",Djadja (feat. Maluma) [Remix],2020
7Dx9Z6Aon1qPS2N0rHSWTe,just like magic,65,149900,Ariana Grande,90.0,107374593.0,pop,Positions,2020
7vgTNTaEz3CsBZ1N4YQalM,Ghost Town,79,271386,Kanye West,89.0,31038851.0,rap,ye,2018
7284Lm1fMEABEFBrtMgUWR,No Sleep Leak,46,189229,Lil Uzi Vert,82.0,19255400.0,melodic rap,Luv Is Rage 2 (Deluxe),2017
1jzOG0T6JjvaOoHgzl91Nd,Style Stealer (Lil Baby & Gunna),47,185381,Gunna,85.0,10342615.0,melodic rap,Drip Harder,2018
1zi7xx7UVEFkmKfv06H8x0,One Dance,88,173986,Drake,95.0,103039388.0,rap,Views,2016
1qINv30cwO8WCJeo4F7YTR,nose ring,0,169800,Lil Peep,82.0,15684530.0,"emo rap, cloud rap",HELLBOY,2016
017PF4Q3l4DBUiWoXk4OWT,Break My Heart,77,221820,Dua Lipa,85.0,46886554.0,pop,Future Nostalgia,2020
2lFtnEmkIPm2ClN55e2chV,Black,58,211160,Dierks Bentley,65.0,3315988.0,country,Black,2016
2dpaYNEQHiRxtZbfNsse99,Happier,10,214289,Marshmello,80.0,34476607.0,edm,Happier,2018
433P7tDcIAi6NLnf4Sh6tI,Still Here,64,189853,Drake,95.0,103039388.0,rap,Views,2016
6b2RcmUt1g9N9mQ3CbjX2Y,How Do You Sleep?,66,202204,Sam Smith,81.0,26275803.0,soft pop,How Do You Sleep?,2019
6vnfObZ4Ys70SBAtti1xZ9,COFFEE BEAN,67,209115,Travis Scott,89.0,41119579.0,rap,ASTROWORLD,2018
2F5nK70URbVjwao6lRwX0P,Boys Will Be Boys,45,166266,Dua Lipa,85.0,46891061.0,pop,Future Nostalgia,2020
7zsXy7vlHdItvUSH8EwQss,Cold Water,68,185360,Major Lazer,73.0,6302021.0,moombahton,Cold Water,2016
4Km5HrUvYTaSUfiSGPJeQR,Bad and Boujee (feat. Lil Uzi Vert),2,343150,Migos,74.0,14638268.0,trap,Culture,2017
3O8NlPh2LByMU9lSRSHedm,Controlla,72,245226,Drake,95.0,103067383.0,rap,Views,2016
3kpYJjvM8Ja6btr5hEJLWc,Venom - Music From The Motion Picture,67,269573,Eminem,88.0,104539036.0,"rap, hip hop",Venom (Music From The Motion Picture),2018
3cjF2OFRmip8spwZYQRKxP,Feel No Ways,76,240653,Drake,95.0,103067383.0,rap,Views,2016
0c0YHn3DIQLl1opsQDd9kO,Wish (feat. Trippie Redd) - Trippie Mix,82,176874,Diplo,77.0,2812821.0,moombahton,LIFE'S A TRIP,2018
4wVOKKEHUJxHCFFNUWDn0B,Chicago Freestyle (feat. Giveon),78,220487,Drake,95.0,103067383.0,rap,Dark Lane Demo Tapes,2020
2OWKDTonST8HNko3dBlPPp,Lost In Your Light (feat. Miguel),55,203769,Dua Lipa,85.0,46891061.0,pop,Dua Lipa (Deluxe),2017
5ZSl6gDoV6bPPxzmLeneV9,Rise,69,194407,Jonas Blue,72.0,3877733.0,tropical house,Blue,2018
1CUVN2kn7mW5FjkqXTR2W1,Perfect Strangers,2,196613,Jonas Blue,72.0,3877733.0,tropical house,Perfect Strangers,2016
6DNtNfH8hXkqOX1sjqmI7p,Cold Water (feat. Justin Bieber & MØ),2,185351,Major Lazer,73.0,6302021.0,moombahton,Cold Water (feat. Justin Bieber & MØ),2016
6PfI6EeLNiNGVAVg11nv7D,Speed It Up,48,179021,Gunna,85.0,10348240.0,melodic rap,Drip or Drown 2,2019
2Lt3LhlDf1dAKsZfzCZsIF,you've got a friend in me (sing-a-long),33,99613,Christina Perri,71.0,4308239.0,soft pop,songs for carmella: lullabies & sing-a-longs,2019
4wuCQX7JvAZLlrcmH4AeZF,Cross Me (feat. Chance the Rapper & PnB Rock),60,206186,Ed Sheeran,88.0,122789460.0,soft pop,No.6 Collaborations Project,2019
5VD3oQilL00HfIEW6ICSQq,Toneladas,43,191586,Shakira,85.0,39788275.0,latin pop,El Dorado,2017
3aniWcwiiYKHpm3F5TdeKD,Teardrops,56,215003,Bring Me The Horizon,77.0,6632477.0,"metalcore, emo, screamo, rock, post-hardcore",Teardrops,2020
3NxAG2ni1lLa8RKL6a0INc,Childs Play,67,241400,Drake,95.0,103067383.0,rap,Views,2016
2QpGZOhTCHHiKmpSO9FW4h,Follow God,71,104591,Kanye West,89.0,31045858.0,rap,JESUS IS KING,2019
7EiZI6JVHllARrX9PUvAdX,Low Life (feat. The Weeknd),82,313546,Future,88.0,22675640.0,rap,EVOL,2016
06KyNuuMOX1ROXRhj787tj,We Don't Talk Anymore (feat. Selena Gomez),78,217706,Charlie Puth,79.0,25301942.0,"soft pop, pop",Nine Track Mind,2016
3ojTJaonfkL96iIWa47SU3,Questions,64,129477,Chris Brown,87.0,28305692.0,r&b,Heartbreak on a Full Moon,2017
6wD28rNgCubXSUl80ddnNW,Lucky,36,253453,AURORA,72.0,4694955.0,"norwegian pop, art pop",All My Demons Greeting Me As A Friend (Deluxe),2016
4uTvPEr01pjTbZgl7jcKBD,NASA,64,182000,Ariana Grande,90.0,107374593.0,pop,"thank u, next",2019
2CxmktXqJwP9KZv6WJtZCm,Blue Ain't Your Color,53,230600,Keith Urban,67.0,5273501.0,country,Ripcord,2016
0sci7ppTZFm4mjcH3nu8yO,nasty,67,200732,Ariana Grande,90.0,107374593.0,pop,Positions,2020
2nBI3iWLhupR7LyAJ5GGkE,Champions,61,334253,Kanye West,89.0,31038851.0,rap,Champions,2016
14PWHDV87nXiSuClZDsEYC,Richard Millie Plain,61,200134,Gunna,85.0,10342615.0,melodic rap,Drip or Drown 2,2019
6NYtLvyThMT0oALFdJFdzq,love language,59,179860,Ariana Grande,90.0,107374593.0,pop,Positions,2020
4GE0As8SVSjCMVYkRaaWwJ,Cool,47,209583,Dua Lipa,85.0,46886554.0,pop,Future Nostalgia,2020
4MzXwWMhyBbmu6hOcLVD49,DÁKITI,77,205090,Bad Bunny,95.0,102500980.0,"reggaeton, trap latino, urbano latino, latin",EL ÚLTIMO TOUR DEL MUNDO,2020
2BOqDYLOJBiMOXShCV1neZ,Dancing On My Own,80,260285,Calum Scott,73.0,6168229.0,soft pop,Only Human (Deluxe),2018
6Pgkp4qUoTmJIPn7ReaGxL,Without You (feat. Sandro Cavazza),71,181672,Avicii,79.0,23434221.0,edm,AVĪCI (01),2017
3IB5qOeMayvpOdHxYCL5tZ,ON (Feat. Sia),0,246816,BTS,85.0,81181104.0,k-pop,MAP OF THE SOUL : 7,2020
45Ln3F9PRPYTXBcMFkZMzS,R.I.P. Fredo (feat. Young Nudy) - Notice Me,63,161200,Playboi Carti,86.0,15021860.0,rage rap,Die Lit,2018
51ChrwmUPDJvedPQnIU8Ls,Dive,78,238440,Ed Sheeran,88.0,122773292.0,soft pop,÷ (Deluxe),2017
1hJIbOjWpid6LtnozHmzRS,Diamonds,66,213869,Sam Smith,81.0,26272346.0,soft pop,Love Goes,2020
5ZKG94fnjiuMH5yrC5S9lS,One Dance,61,173973,Drake,95.0,103039388.0,rap,Views,2016
463PQggkmk5tTw8ug0ahOX,The Other Side (from Trolls World Tour),58,188186,SZA,87.0,33029522.0,r&b,The Other Side (from Trolls World Tour),2020
0VgkVdmE4gld66l8iyGjgx,Mask Off,80,204600,Future,88.0,22675640.0,rap,FUTURE,2017
3VlbOrM6nYPprVvzBZllE5,Too Good At Goodbyes,0,201000,Sam Smith,81.0,26272346.0,soft pop,The Thrill Of It All (Special Edition),2017
0LwbO2KIQw1uR2FCqwaKAu,Bad Together,47,238826,Dua Lipa,85.0,46886554.0,pop,Dua Lipa (Deluxe),2017
3HVWdVOQ0ZA45FuZGSfvns,I Don't Care (with Justin Bieber),74,219946,Ed Sheeran,88.0,122773292.0,soft pop,I Don't Care (with Justin Bieber),2019
1dUHF4RyMmMTveJ0Rby6Xm,Can’t Take A Joke,65,163974,Drake,95.0,103039388.0,rap,Scorpion,2018
0SpkyS1Q4MD8GaVcP5YjT4,Sunsetz,11,215150,Cigarettes After Sex,83.0,17365648.0,dream pop,Cigarettes After Sex,2017
4T652DlATVHe0jdLKaN3Bw,in my head,68,222946,Ariana Grande,90.0,107374593.0,pop,"thank u, next",2019
71bVLWfQwDmvr1IhkvnsgK,May We All,41,226586,Florida Georgia Line,70.0,5588772.0,"country, pop country, acoustic country",McGraw Machine Hits: 2013-2019,2020
7sBwAWyXfiIgrYQ8BaJESH,Keep The Family Close,63,328906,Drake,95.0,103039388.0,rap,Views,2016
0q85C1JiECyYIQthz1posA,obvious,61,146958,Ariana Grande,90.0,107374593.0,pop,Positions,2020
7zQA4eKmteefDP77okHvLx,Black Water Lilies,35,282840,AURORA,72.0,4694955.0,"norwegian pop, art pop",All My Demons Greeting Me As A Friend (Deluxe),2016
0QIjsbm2fh1cJ45XO9eGqq,Wake Up in the Sky,71,204664,Gucci Mane,76.0,5985945.0,"southern hip hop, rap, trap",Wake Up in the Sky,2018
1nTi3jQI8JcYNp4JYxSenp,Conqueror,39,207506,AURORA,72.0,4694955.0,"norwegian pop, art pop",All My Demons Greeting Me As A Friend (Deluxe),2016
2XIc1pqjXV3Cr2BQUGNBck,LA NOCHE DE ANOCHE,75,203200,Bad Bunny,95.0,102500980.0,"reggaeton, trap latino, urbano latino, latin",EL ÚLTIMO TOUR DEL MUNDO,2020
0ESJlaM8CE1jRWaNtwSNj8,beibs in the trap,66,213863,Travis Scott,89.0,41107596.0,rap,Birds In The Trap Sing McKnight,2016
4vUmTMuQqjdnvlZmAH61Qk,South of the Border (feat. Camila Cabello & Cardi B),74,204466,Ed Sheeran,88.0,122773292.0,soft pop,No.6 Collaborations Project,2019
5kqIPrATaCc2LqxVWzQGbk,7 Years,83,237300,Lukas Graham,69.0,2945445.0,dansk pop,Lukas Graham,2016
3Lfiu5sZ4M4B6JaKMBc0FU,Barcelona,61,191146,Ed Sheeran,88.0,122773292.0,soft pop,÷ (Deluxe),2017
5Psnhdkyanjpgc2P8A5TSM,Emotionless,66,302173,Drake,95.0,103039388.0,rap,Scorpion,2018
0wwPcA6wtMf6HUMpIRdeP7,Hotline Bling,80,267066,Drake,95.0,103039388.0,rap,Views,2016
6VLmF4SDMuoJMxiw2DYpuA,I Went Too Far - Pwndtiac Remix,26,283893,AURORA,72.0,4694955.0,"norwegian pop, art pop",All My Demons Greeting Me As A Friend (Deluxe),2016
7Feaw9WAEREY0DUOSXJLOM,Summer Days (feat. Macklemore & Patrick Stump of Fall Out Boy),69,163804,Martin Garrix,74.0,15121684.0,"edm, progressive house, electronica",Summer Days (feat. Macklemore & Patrick Stump of Fall Out Boy),2019
7xbWAw3LMgRMn4omR5yVn3,Lose Somebody,59,199549,Kygo,76.0,8669911.0,tropical house,Lose Somebody,2020
7AHs6Tcu2VYpcHL9HEqPs3,Bad,45,213066,Jason Aldean,74.0,7052478.0,"country, acoustic country",They Don't Know,2016
45tFpM9bn24cSK9ZP2Dh9I,Any Ol' Barstool,64,203293,Jason Aldean,74.0,7052478.0,"country, acoustic country",They Don't Know,2016
5uu0D02efCoFMQiLYFT32e,Levitating,53,203807,Dua Lipa,85.0,46886554.0,pop,Future Nostalgia,2020
2CzUlaKN1mvb0szagSR3ux,Fuck The World (Summer in London),63,236703,Brent Faiyaz,80.0,7897022.0,r&b,Fuck The World,2020
7AQim7LbvFVZJE3O8TYgf2,Fuck Love,82,146520,XXXTENTACION,83.0,51710210.0,emo rap,17,2017
2RJfK2pOvGpnxC255YOy5k,Rose-Colored Boy,64,212853,Paramore,79.0,9792848.0,"pop punk, emo",After Laughter,2017
4SZepBIPDRwPaHIjAKwRDb,R.I.P. SCREW,64,185610,Travis Scott,89.0,41107596.0,rap,ASTROWORLD,2018
7oolFzHipTMg2nL7shhdz2,Eraser,56,227426,Ed Sheeran,88.0,122773292.0,soft pop,÷ (Deluxe),2017
6dVZCbi9CYtD9LjAHXRjIG,Mask Off (feat. Kendrick Lamar) - Remix,61,258426,Future,88.0,22675640.0,rap,FUTURE,2017
1XrO06cv4qlArKRx2SCOT3,Somewhere On A Beach,40,197120,Dierks Bentley,65.0,3315988.0,country,Boating Music Country,2019
1oNcc2isuz7d3hc1fMoHqj,Mileage (feat. Chief Keef),63,149760,Playboi Carti,86.0,15021860.0,rage rap,Die Lit,2018
3UoULw70kMsiVXxW0L3A33,pov,75,201882,Ariana Grande,90.0,107374593.0,pop,Positions,2020
2G7V7zsVDxg1yRsu7Ew9RJ,In My Feelings,73,217925,Drake,95.0,103039388.0,rap,Scorpion,2018
1SMb9R9lWqJYCDFWIj8vnY,stay awake (sing-a-long),35,64266,Christina Perri,71.0,4307803.0,soft pop,songs for carmella: lullabies & sing-a-longs,2019
2dfHh7ECGxfNqZTQno09Vk,Hearts Don't Break Around Here,59,248413,Ed Sheeran,88.0,122773292.0,soft pop,÷ (Deluxe),2017
03rcC8SVxCa9UdY5qgkITe,Not PLaying,60,130304,Playboi Carti,86.0,15021860.0,rage rap,Whole Lotta Red,2020
0jT8Nl0shPS8115is0wD2Q,Favorito,70,209765,Camilo,78.0,20454854.0,"colombian pop, pop urbano",Por Primera Vez,2020
0KdwmtG44yIDpyie4b0jCn,Wherever I Go,0,170213,OneRepublic,81.0,18700851.0,soft pop,Wherever I Go,2016
7toYVidBIpAmM8Ife3LGrP,Physical,53,193829,Dua Lipa,85.0,46886554.0,pop,Future Nostalgia,2020
0PvFJmanyNQMseIFrU708S,For The Night (feat. Lil Baby & DaBaby),74,190476,Pop Smoke,75.0,15612601.0,"brooklyn drill, new york drill, drill",Shoot For The Stars Aim For The Moon,2020
4squZv12LD9M8ooJfoVgZS,Boo'd Up,65,239341,Ella Mai,69.0,6191529.0,r&b,Ella Mai,2018
0nbXyq5TXYPCO7pr3N8S4I,The Box,81,196652,Roddy Ricch,74.0,11846410.0,melodic rap,Please Excuse Me for Being Antisocial,2019
3B4etxytImrRKQgV3XHjnR,Harleys In Hawaii,76,185480,Katy Perry,83.0,38385499.0,pop,Smile,2020
5YDD6DuZ04mKQtm0avJTJd,Break My Heart,53,221820,Dua Lipa,85.0,46886554.0,pop,Future Nostalgia,2020
53k1gKFpKrDbktUzrB80f0,Sesame Syrup,12,303296,Cigarettes After Sex,84.0,17380777.0,dream pop,Crush,2018
6DCZcSspjsKoFjzjrWoCdn,God's Plan,83,198973,Drake,95.0,103094105.0,rap,Scorpion,2018
1cS0TgbR263ey9jn0MwD2s,River (feat. Ed Sheeran),71,221013,Eminem,88.0,104559284.0,"rap, hip hop",Revival,2017
4S2uhQE8L9V6p7rj7SiauJ,Suicidal (feat. Juice WRLD) - Remix,71,225857,YNW Melly,71.0,12755534.0,melodic rap,Suicidal (Remix) [feat. Juice WRLD],2020
6PGoSes0D9eUDeeAafB2As,LOVE. FEAT. ZACARI.,82,213400,Kendrick Lamar,89.0,44606446.0,"hip hop, west coast hip hop",DAMN.,2017
7qvxFz3JodM0A7xEM7k3YD,Chained To The Rhythm,69,237733,Katy Perry,83.0,38400585.0,pop,Witness (Deluxe),2017
2Y0wPrPQBrGhoLn14xRYCG,Come & Go (with Marshmello),75,205484,Juice WRLD,85.0,42551578.0,"melodic rap, emo rap",Legends Never Die,2020
1pKeFVVUOPjFsOABub0OaV,Side To Side,3,226160,Ariana Grande,90.0,107401919.0,pop,Dangerous Woman,2016
6rPO02ozF3bM7NnOV4h6s2,Despacito - Remix,70,228826,Luis Fonsi,73.0,10982585.0,latin,Despacito Feat. Justin Bieber (Remix),2017
7A20WnLkjtZU2d7hIB6Ziu,Start Wit Me (feat. Gunna),60,158691,Roddy Ricch,74.0,11850722.0,melodic rap,Please Excuse Me for Being Antisocial,2019
0pEkK8MqbmGSX7fT8WLMbR,Grace,67,185657,Lewis Capaldi,79.0,14043382.0,soft pop,Divinely Uninspired To A Hellish Extent,2019
3zKxgW0eUAw1v4m7eZcrns,THE PLAN,42,185850,Travis Scott,89.0,41131037.0,rap,Tenet (Original Motion Picture Soundtrack) [Deluxe Edition],2020
4Of7rzpRpV1mWRbhp5rAqG,Bruises,78,220492,Lewis Capaldi,79.0,14043382.0,soft pop,Divinely Uninspired To A Hellish Extent,2019
4wosxLl0mAqhneDzya2MfY,Head & Heart (feat. MNEK),57,166028,Joel Corry,66.0,470451.0,dance pop,Head & Heart (feat. MNEK),2020
6akBF8JWM8lrpqejdwIfYI,16 Lines,67,244906,Lil Peep,82.0,15695162.0,"emo rap, cloud rap","Come Over When You're Sober, Pt. 2",2018
2JqnpexlO9dmvjUMCaLCLJ,Love Someone,60,205463,Lukas Graham,69.0,2948318.0,dansk pop,Love Someone,2018
58TaFP5j5i9swOf584yon2,HOUSTONFORNICATION,67,217828,Travis Scott,89.0,41131037.0,rap,ASTROWORLD,2018
2ApfJvLr7RbhJl6NOVhEu6,Singularity,60,196998,BTS,85.0,81197976.0,k-pop,Love Yourself 結 'Answer',2018
79s5XnCN4TJKTVMSmOx8Ep,Dior,76,216386,Pop Smoke,76.0,15616692.0,"brooklyn drill, new york drill, drill",Meet The Woo,2019
1UDCuS38KBxXufAkkNNgVX,"Hey, Soul Sister",43,216653,Train,70.0,4516207.0,soft pop,Feel Good Friday,2018
4CzhtKifG867Lu5DNQVBSA,Vamp Anthem,69,124093,Playboi Carti,86.0,15031490.0,rage rap,Whole Lotta Red,2020
3Q4gttWQ6hxqWOa3tHoTNi,Not You Too (feat. Chris Brown),83,269680,Drake,95.0,103094105.0,rap,Dark Lane Demo Tapes,2020
75lcPkAkUsKWHGBlGM476R,1400 / 999 Freestyle,2,175954,Trippie Redd,80.0,11010665.0,melodic rap,A Love Letter To You 3,2018
5HDPtsnyb3maFmPL8LLUTG,New Man,60,189280,Ed Sheeran,88.0,122802777.0,soft pop,÷ (Deluxe),2017
2meEiZKWkiN28gITzFwQo5,Into You,3,244453,Ariana Grande,90.0,107401919.0,pop,Dangerous Woman,2016
5uCax9HTNlzGybIStD3vDh,Say You Won't Let Go,85,211466,James Arthur,79.0,20854863.0,soft pop,Back from the Edge,2016
4XzkS1hmMdenBmmbLbjorO,remember me,51,59720,Christina Perri,71.0,4308713.0,soft pop,songs for carmella: lullabies & sing-a-longs,2019
3h3pOvw6hjOvZxRUseB7h9,i wanna be your girlfriend,1,204990,girl in red,73.0,8768495.0,bedroom pop,i wanna be your girlfriend,2018
2qT1uLXPVPzGgFOx4jtEuo,no tears left to cry,79,205920,Ariana Grande,90.0,107401919.0,pop,Sweetener,2018
3eR23VReFzcdmS7TYCrhCe,It Ain't Me (with Selena Gomez),76,220780,Kygo,76.0,8670011.0,tropical house,It Ain't Me (with Selena Gomez),2017
4QtiVmuA88tPQiCOHZuQ5b,"1, 2, 3 (feat. Jason Derulo & De La Ghetto)",63,201526,Sofía Reyes,63.0,3148347.0,latin pop,"1, 2, 3 (feat. Jason Derulo & De La Ghetto)",2018
2rPE9A1vEgShuZxxzR2tZH,"thank u, next",22,207333,Ariana Grande,90.0,107401919.0,pop,"thank u, next",2018
7AtBtwrKhz94hYXgGYyG58,Middle Of The Summer (feat. Red Coldhearted),62,137026,Playboi Carti,86.0,15031490.0,rage rap,Die Lit,2018
3ebXMykcMXOcLeJ9xZ17XH,Scared to Be Lonely,75,220883,Martin Garrix,74.0,15121268.0,"edm, progressive house, electronica",Scared to Be Lonely,2017
7tr2za8SQg2CI8EDgrdtNl,Slide (feat. Frank Ocean & Migos),75,230813,Calvin Harris,84.0,23079295.0,edm,Funk Wav Bounces Vol.1,2017
2iwTBX0feCCekH5Hg8SOSJ,yesterday,64,112520,Lil Peep,82.0,15695162.0,"emo rap, cloud rap",crybaby,2016
6G8kHiVZ1jW7vHMPVRNZU0,Don’t Matter To Me (with Michael Jackson),71,245786,Drake,95.0,103126025.0,rap,Scorpion,2018
3U21A07gAloCc4P7J8rxcn,All Mine,68,145506,Kanye West,89.0,31059657.0,rap,ye,2018
6n4U3TlzUGhdSFbUUhTvLP,Walk It Talk It,71,276147,Migos,74.0,14641094.0,trap,Culture II,2018
4pLwZjInHj3SimIyN9SnOz,Side To Side,2,226160,Ariana Grande,90.0,107418606.0,pop,Dangerous Woman,2016
0G2xfxc8pWcHJ5tUVALSrq,DON'T CHASE THE DEAD,43,257440,Marilyn Manson,71.0,4972305.0,"industrial metal, industrial rock, industrial, metal, nu metal",WE ARE CHAOS,2020
6Hj9jySrnFppAI0sEMCZpJ,Robbery,3,240050,Juice WRLD,85.0,42565036.0,"melodic rap, emo rap",Death Race For Love,2019
6hnTnUV98N3qThXJfT1R1f,Warrior,39,223040,AURORA,72.0,4699258.0,"norwegian pop, art pop",All My Demons Greeting Me As A Friend (Deluxe),2016
4b93D55xv3YCH5mT4p6HPn,Ocean Drive,76,206320,Duke Dumont,66.0,795653.0,house,Duality,2020
0P6AWOA4LG1XOctzaVu5tt,The Weekend - Funk Wav Remix,69,171805,SZA,87.0,33068979.0,r&b,The Weekend (Funk Wav Remix),2017
6o3QUC5oAE4g6WxRIFcZtb,Wishing Well,1,194621,Juice WRLD,85.0,42565036.0,"melodic rap, emo rap",Legends Never Die,2020
3vAn0qZzdyuHamcrpkfiX3,How You Like That,1,181263,BLACKPINK,81.0,56178946.0,k-pop,How You Like That,2020
1C7KSXR2GVxknex6I4ANco,9,80,255786,Drake,95.0,103126025.0,rap,Views,2016
3V8UKqhEK5zBkBb6d6ub8i,Te Boté - Remix,74,417920,Nio Garcia,67.0,5576392.0,reggaeton,Te Boté (Remix),2018
4EBqxBv4U2qro1UoBXtGhG,Stranger (with KillaGraham and Sam Dew),37,270000,Skrillex,74.0,7528253.0,"dubstep, edm, electro, electronic",Stranger (Skrillex Remix with Tennyson & White Sea),2016
4Am4agzcSdFnKLSEB56ODY,ghost boy,0,130973,Lil Peep,82.0,15702014.0,"emo rap, cloud rap",EVERYBODY'S EVERYTHING,2019
5pHJv0bgNsT9nPoK2BjNBn,No Time (feat. Gunna),64,219453,Playboi Carti,86.0,15037198.0,rage rap,Die Lit,2018
2bjwRfXMk4uRgOD9IBYl9h,Portland,67,236614,Drake,95.0,103126025.0,rap,More Life,2017
650OeHTLxZAQmb4aEbGmaA,Good Goodbye (feat. Pusha T and Stormzy),59,211413,Linkin Park,88.0,31819030.0,"nu metal, rap metal, rock, alternative metal",One More Light,2017
1Hy6lIQbEoCCCulXwjmu3L,The Battle of Crait,0,407693,John Williams,71.0,1605820.0,soundtrack,Star Wars: The Last Jedi (Original Motion Picture Soundtrack),2017
7wj4VLQm2MM7tyeZ220wDj,Po Belongs,30,172493,Hans Zimmer,77.0,4782404.0,soundtrack,Kung Fu Panda 3 (Music from the Motion Picture),2016
2vdBo4ALPYbHRUPKgtE5iC,ghostin,70,271466,Ariana Grande,90.0,107418606.0,pop,"thank u, next",2019
6TOfPHF57Qhlbfm5lhZ9k1,Be Alright,59,179293,Ariana Grande,90.0,107418606.0,pop,Dangerous Woman,2016
2TIlqbIneP0ZY1O0EzYLlc,Someone You Loved,68,182160,Lewis Capaldi,79.0,14045780.0,soft pop,Breach,2018
1TEL6MlSSVLSdhOSddidlJ,needy,77,171573,Ariana Grande,90.0,107418606.0,pop,"thank u, next",2019
27PTd8bvvSpk9qXtNwxbe7,Leave Me Lonely,54,229680,Ariana Grande,90.0,107418606.0,pop,Dangerous Woman,2016
53SfB4huCgiRGmwzJdEo1u,Everyday,62,194840,Ariana Grande,90.0,107418606.0,pop,Dangerous Woman,2016
5poOKpYEoQFVltwAXi8yaE,Home,36,212773,AURORA,72.0,4699258.0,"norwegian pop, art pop",All My Demons Greeting Me As A Friend (Deluxe),2016
35QZaWQRkmnAVqBF1TLCxQ,Nancy Mulligan,65,179786,Ed Sheeran,88.0,122789460.0,soft pop,÷ (Deluxe),2017
0v1x6rN6JHRapa03JElljE,Dynamite,2,199053,BTS,85.0,81189603.0,k-pop,Dynamite,2020
2pJZ1v8HezrAoZ0Fhzby92,What Do I Know?,64,237333,Ed Sheeran,88.0,122789460.0,soft pop,÷ (Deluxe),2017
7ef4DlsgrMEH11cDZd32M6,One Kiss (with Dua Lipa),79,214846,Calvin Harris,84.0,23078931.0,edm,One Kiss (with Dua Lipa),2018
5zOAudPQIs5U8zP6LQGHmH,MALAMENTE - Cap.1: Augurio,48,149450,ROSALÍA,77.0,8585717.0,latin,MALAMENTE (Cap.1: Augurio),2018
6I6NX6tjGsxFAsIfGzY9lJ,Deja Vu,67,264746,J. Cole,82.0,27073781.0,rap,4 Your Eyez Only,2016
2hloaUoRonYssMuqLCBLTX,bloodline,78,216893,Ariana Grande,90.0,107389514.0,pop,"thank u, next",2019
6ilc4vQcwMPlvAHFfsTGng,Sweet,9,292110,Cigarettes After Sex,84.0,17373704.0,dream pop,Cigarettes After Sex,2017
6CTWathupIiDs7U4InHnDA,Trip,73,213993,Ella Mai,69.0,6192505.0,r&b,Ella Mai,2018
5hM5arv9KDbCHS0k9uqwjr,Borderline,83,237800,Tame Impala,85.0,9517000.0,"neo-psychedelic, indie",The Slow Rush,2020
3nef5W8jTkXrOKgCu4kmq7,Dangerous Woman,80,235946,Ariana Grande,90.0,107389514.0,pop,Dangerous Woman,2016
5xmPliSKbVhTojeqciPLmU,The Arrival of Kai,45,121400,Hans Zimmer,77.0,4779199.0,soundtrack,Kung Fu Panda 3 (Music from the Motion Picture),2016
2cYqizR4lgvp4Qu6IQ3qGN,BUTTERFLY EFFECT,81,190557,Travis Scott,89.0,41119579.0,rap,ASTROWORLD,2018
3cWmqvMwVQKDigWLSZ3w9h,Rockstar Made,66,193574,Playboi Carti,86.0,15026799.0,rage rap,Whole Lotta Red,2020
57RA3JGafJm5zRtKJiKPIm,Are You Bored Yet? (feat. Clairo),76,178000,Wallows,67.0,3002443.0,indie,Nothing Happens,2019
2lOuvydCaSk8asn1HxBO9r,Be the One,47,202914,Dua Lipa,85.0,46891061.0,pop,Dua Lipa (Complete Edition),2018
1385PRUkznPuahQGBjIzAy,Head Over Boots,41,202346,Jon Pardi,73.0,2338988.0,"country, acoustic country",Hot Country Hits,2020
4kWO6O1BUXcZmaxitpVUwp,Jackie Chan,67,215759,Tiësto,80.0,7979622.0,"edm, trance, big room",Jackie Chan,2018
5eTNdkstwKaNahHf41fJ9u,Hotter Than Hell,64,187957,Dua Lipa,85.0,46891061.0,pop,Dua Lipa (Deluxe),2017
0EhpEsp4L0oRGM0vmeaN5e,UN DIA (ONE DAY) (Feat. Tainy),69,232253,J Balvin,86.0,39113380.0,"reggaeton, latin",UN DIA (ONE DAY) (Feat. Tainy),2020
4HBZA5flZLE435QTztThqH,Stuck with U (with Justin Bieber),80,228482,Ariana Grande,90.0,107389514.0,pop,Stuck with U,2020
0At2qAoaVjIwWNAqrscXli,Boo'd Up,68,256063,Ella Mai,69.0,6192505.0,r&b,READY,2017
5naar7XewEOAjOywIp6Jjq,Remember When,69,155146,Wallows,67.0,3002443.0,indie,Nothing Happens,2019
2mPoUsnXJBJlR9mrGTuyIN,"Superman March - From ""Superman"" / Live at Walt Disney Concert Hall, Los Angeles / 2019",21,265720,John Williams,70.0,1605047.0,soundtrack,"Celebrating John Williams (Live at Walt Disney Concert Hall, Los Angeles / 2019)",2019
7lAK3oHbfEnvUQWosrMMpR,YOSEMITE,77,150043,Travis Scott,89.0,41119579.0,rap,ASTROWORLD,2018
6WikCGNUbXFmXoLre7vjeW,Touch It,63,260000,Ariana Grande,90.0,107389514.0,pop,Dangerous Woman,2016
6PCUP3dWmTjcTtXY02oFdT,Castle on the Hill,78,261153,Ed Sheeran,88.0,122789460.0,soft pop,÷ (Deluxe),2017
1vvNmPOiUuyCbgWmtc6yfm,My Way,73,219159,Calvin Harris,84.0,23078931.0,edm,My Way,2016
6jA8HL9i4QGzsj6fjoxp8Y,There for You,63,221904,Martin Garrix,74.0,15121577.0,"edm, progressive house, electronica",There for You,2017
4IO2X2YoXoUMv0M2rwomLC,Long Time - Intro,75,211773,Playboi Carti,86.0,15026799.0,rage rap,Die Lit,2018
44Du2IM1bGY7dicmLfXbUs,Final Fantasy,54,219960,Drake,95.0,103067383.0,rap,Scorpion,2018
1e1JKLEDKP7hEQzJfNAgPl,Magnolia,77,181812,Playboi Carti,86.0,15026799.0,rage rap,Playboi Carti,2017
1D8bmUIhLHEO4KMS2SHwUx,Nada,49,189573,Shakira,85.0,39788275.0,latin pop,El Dorado,2017
1aDklx1GaBqHFowCzz63wU,The Night King,54,530532,Ramin Djawadi,65.0,718358.0,soundtrack,Game Of Thrones: Season 8 (Music from the HBO Series),2019
49gRYU6hBWgSH2JVixGkJq,Into You,68,244440,Ariana Grande,90.0,107389514.0,pop,Dangerous Woman,2016
7DbbEaULNuEe95sxVJFwXQ,Light of the Seven,0,589094,Ramin Djawadi,65.0,718358.0,soundtrack,Game of Thrones: Season 6 (Music from the HBO® Series),2016
2h1IPjP471JJRSShTHRUhi,Dangerous Woman,0,235946,Ariana Grande,90.0,107389514.0,pop,Dangerous Woman,2016
0VhgEqMTNZwYL1ARDLLNCX,Can I Be Him,79,246880,James Arthur,79.0,20852039.0,soft pop,Back from the Edge,2016
6pn6lXv8UjpMFAo9znYOUC,Levitating,37,203807,Dua Lipa,85.0,46891061.0,pop,Levitating EP,2020
6hxWB5a6jxTmi9etW4Iw62,girls,63,240440,Lil Peep,82.0,15689879.0,"emo rap, cloud rap",HELLBOY,2016
2Y0iGXY6m6immVb2ktbseM,Little Dark Age,78,299960,MGMT,73.0,3571100.0,indie,Little Dark Age,2018
3F1P0QzdXtBz0MXy7KIO5w,Fever,65,156910,Dua Lipa,85.0,46891061.0,pop,Future Nostalgia,2020
0RFxljd297sk7sKm5ZDD5J,DNA (Pedal 2 LA Mix),49,247483,BTS,85.0,81189603.0,k-pop,Love Yourself 結 'Answer',2018
4TVsTKQVeC99tCjfRKLeob,white tee,1,132226,Lil Peep,82.0,15689879.0,"emo rap, cloud rap",crybaby,2016
6f3Slt0GbA2bPZlz0aIFXN,The Business,73,164000,Tiësto,80.0,7979622.0,"edm, trance, big room",The Business,2020
6pVVLXvKIzcOBj7uvoqU9g,Honestly,0,128680,Lil Peep,82.0,15689879.0,"emo rap, cloud rap",Honestly,2017
6BJbOXDlgVAXSaq6wYFYT2,NC-17,62,156885,Travis Scott,89.0,41119579.0,rap,ASTROWORLD,2018
3NbTQ8ZbHU6MSEVUFAVCJ9,better off,65,171333,Ariana Grande,90.0,107389514.0,pop,Sweetener,2018
0mO6oS60RST2sWmN2FKknP,One More Hour,73,432560,Tame Impala,85.0,9517000.0,"neo-psychedelic, indie",The Slow Rush,2020
0nUftNWYvNCWnjiyeujCR8,MIC Drop,57,238193,BTS,85.0,81189603.0,k-pop,Love Yourself 結 'Answer',2018
1rLkzFZdokhx6Wcs80uvnw,Dimple,61,196776,BTS,85.0,81189603.0,k-pop,Love Yourself 結 'Answer',2018
2sSgZkaAOIfkzNDhndiLvZ,The Weekend,40,188373,Brantley Gilbert,63.0,3029394.0,"country, country rock, country hip hop, acoustic country",The Devil Don't Sleep (Deluxe / Big Machine Radio Release Special),2017
3s4mrPrEFFPF0LmAfutW0n,The London (feat. J. Cole & Travis Scott),70,200186,Young Thug,84.0,12418681.0,"rap, melodic rap, trap",So Much Fun,2019
5wPyd3IQAZft1vmxoIqGrU,Home (KOD),62,162133,Playboi Carti,86.0,15026799.0,rage rap,Die Lit,2018
116H0KvKr2Zl4RPuVBruDO,MIA (feat. Drake),6,210367,Bad Bunny,95.0,102536542.0,"reggaeton, trap latino, urbano latino, latin",MIA (feat. Drake),2018
5QDLhrAOJJdNAmCTJ8xMyW,Dynamite,79,199053,BTS,85.0,81189603.0,k-pop,BE,2020
30TmLgK0ja5O8q9l4BShIX,Everyday,78,194840,Ariana Grande,90.0,107389514.0,pop,Dangerous Woman,2016
4BWJGWmzbjsnA94Weyi5j4,4am,0,110861,girl in red,73.0,8765920.0,bedroom pop,4am,2018
7CmJQKB7nW4yCuA0hhc4nc,Baby Be Crazy,42,209880,Brantley Gilbert,63.0,3029394.0,"country, country rock, country hip hop, acoustic country",The Devil Don't Sleep,2017
7yBbV2k2S2uhaQc24NF2xt,Stupid Love,65,193533,Lady Gaga,88.0,42256604.0,"art pop, pop",Chromatica,2020
6jreFSOTUAViWjKyzOC4Kg,REMEDY,62,190295,Alesso,72.0,4034129.0,edm,REMEDY,2018
1N7qGCKRRnvjoy8MGyHgpS,Came Here to Forget,62,220413,Blake Shelton,69.0,7507062.0,country,If I'm Honest,2016
2rtaCqqM8hotwXKThsbKWb,Tried To Tell Ya,46,221906,Brantley Gilbert,63.0,3029394.0,"country, country rock, country hip hop, acoustic country",The Devil Don't Sleep,2017
7fa9MBXhVfQ8P8Df9OEbD8,Girls Like You (feat. Cardi B) - Cardi B Version,72,235545,Maroon 5,85.0,45771951.0,pop,Red Pill Blues (Deluxe),2018
669yRYY5pluCp5dYOcDMDD,Oogway's Legacy,49,120720,Hans Zimmer,77.0,4779199.0,soundtrack,Kung Fu Panda 3 (Music from the Motion Picture),2016
2kQ9udZ0v3H8PFSVmbY1Kq,Darling,64,143200,D-Block Europe,72.0,1790426.0,"grime, uk drill",PTSD,2019
2rbDhOo9Fh61Bbu23T2qCk,Always Remember Us This Way,84,210200,Lady Gaga,88.0,42256604.0,"art pop, pop",A Star Is Born Soundtrack (Without Dialogue),2018
44ONERBHALxftQNWq6dmyd,Side To Side,81,226160,Ariana Grande,90.0,107389514.0,pop,Dangerous Woman,2016
3ee8Jmje8o58CHK66QrVC2,SAD!,79,166605,XXXTENTACION,83.0,51719064.0,emo rap,?,2018
1wthp2KAndNsDPZxEGVNKK,Prisoner,41,238160,James Arthur,79.0,20852039.0,soft pop,Back from the Edge,2016
75ihvbHyiKOAXZBZUXcugj,The Red Capes Are Coming - Lex Luthor Theme,0,211986,Hans Zimmer,77.0,4779199.0,soundtrack,Batman v Superman: Dawn Of Justice (Original Motion Picture Soundtrack) [Standard Edition],2016
2ngmiq1KoYn3x25VOmvd8F,DNA,68,223122,BTS,85.0,81189603.0,k-pop,Love Yourself 結 'Answer',2018
35mvY5S1H3J2QZyna3TFe0,positions,79,172324,Ariana Grande,90.0,107389514.0,pop,Positions,2020
6TIU9Ehmi6dMzZK73Ym4yj,Save Myself,57,247106,Ed Sheeran,88.0,122789460.0,soft pop,÷ (Deluxe),2017
6p8NuHm8uCGnn2Dtbtf7zE,Slippery (feat. Gucci Mane),2,304041,Migos,74.0,14638268.0,trap,Culture,2017
66kQ7wr4d2LwwSjr7HXcyr,"All The Stars (with SZA) - From ""Black Panther: The Album""",60,235540,Kendrick Lamar,89.0,44592005.0,"hip hop, west coast hip hop",All The Stars (with SZA),2018
0WdR2AyLW1Drd3OUdwezM0,everytime,74,172106,Ariana Grande,90.0,107389514.0,pop,Sweetener,2018
3dl8bSF08LQfCf4T6CCksf,On That Time,64,102421,Playboi Carti,86.0,15026799.0,rage rap,Whole Lotta Red,2020
1zsG4eaZmkA1dvjDDsAGLK,Échame La Culpa,2,173720,Luis Fonsi,73.0,10981924.0,latin,Échame La Culpa,2017
1SBuYdJK3a3NU55nGomgAe,Kryptonite,53,235360,3 Doors Down,71.0,4908790.0,post-grunge,Acoustic Back Porch Jam,2019
55gUKnpyMQ4X5Gds6f2Shy,Supermarine,0,483360,Hans Zimmer,77.0,4779199.0,soundtrack,Dunkirk: Original Motion Picture Soundtrack,2017
0zzVTGyRrWpQu8Fr28NRAv,OK Not To Be OK,60,159862,Marshmello,80.0,34478237.0,edm,OK Not To Be OK,2020
2169IKAivSUUFGcedGASXc,16 Shots,61,224727,Stefflon Don,63.0,1206870.0,dancehall,16 Shots,2017
0gtSPYz0OHoF7k09Auq1uC,Thinking 'Bout You,49,171946,Dua Lipa,85.0,46891061.0,pop,Dua Lipa (Deluxe),2017
0afhq8XCExXpqazXczTSve,Galway Girl,79,170826,Ed Sheeran,88.0,122789460.0,soft pop,÷ (Deluxe),2017
1SN1vSPsr4V4tIUTR3s8YW,Fast Car,73,212424,Jonas Blue,72.0,3877733.0,tropical house,Blue,2018
3p4hRhMcb6ch8OLtATMaLw,Cry,61,256799,Cigarettes After Sex,84.0,17373704.0,dream pop,Cry,2019
4HeCFqiB1rBqGqvE10rF1a,Side To Side,66,226173,Ariana Grande,90.0,107389514.0,pop,Dangerous Woman,2016
0GxQ1A5L9xnMOytbP6eKBG,What Lovers Do (feat. SZA),72,199849,Maroon 5,85.0,45771951.0,pop,Red Pill Blues (Deluxe),2018
4USdmbhDidWVL8JXBVbVFm,drive by,58,175333,Lil Peep,82.0,15689879.0,"emo rap, cloud rap",HELLBOY,2016
14SaZBTjxlorHJQxXh01Hu,Girls Need Love (with Drake) - Remix,78,222374,Summer Walker,76.0,8013600.0,r&b,Last Day Of Summer,2018
4HG1YiGBseVKzjyKcmAJen,Summer Games,64,247893,Drake,95.0,103067383.0,rap,Scorpion,2018
23TwR29GSeJBfXnXhmDlwR,"Crazy Story, Pt. 3",76,191399,King Von,74.0,7938689.0,"chicago drill, drill","Grandson, Vol. 1",2019
7eBqSVxrzQZtK2mmgRG6lC,Murder on My Mind,76,268434,YNW Melly,71.0,12752220.0,melodic rap,I AM YOU,2018
0AZ6Tdl0UvOWTMngIffzDS,you've got a friend in me,43,99693,Christina Perri,71.0,4308239.0,soft pop,songs for carmella: lullabies & sing-a-longs,2019
5nujrmhLynf4yMoMtj8AQF,Levitating (feat. DaBaby),81,203064,Dua Lipa,85.0,46891061.0,pop,Future Nostalgia,2020
27a1mYSG5tYg7dmEjWBcmL,CAN'T SAY,77,198408,Travis Scott,89.0,41119579.0,rap,ASTROWORLD,2018
5bcTCxgc7xVfSaMV3RuVke,"Feels (feat. Pharrell Williams, Katy Perry & Big Sean)",77,223413,Calvin Harris,84.0,23078931.0,edm,Funk Wav Bounces Vol.1,2017
395KzBy0bkb57dEvg6cfzJ,Falling Like The Stars,71,211653,James Arthur,79.0,20852039.0,soft pop,YOU,2019
6Qs4SXO9dwPj5GKvVOv8Ki,Dancing With A Stranger (with Normani),73,171029,Sam Smith,81.0,26275803.0,soft pop,Dancing With A Stranger (with Normani),2019
2ZRo7axmMPeSVUvDbGkJah,Hope,81,110886,XXXTENTACION,83.0,51719064.0,emo rap,?,2018
1Bg2CNZw6S4e9cGWPmi0uI,Place,65,117239,Playboi Carti,86.0,15026799.0,rage rap,Whole Lotta Red,2020
5sjIhQzNljMVrDklI91ezp,A Guy with a Girl,61,189466,Blake Shelton,69.0,7507062.0,country,If I'm Honest,2016
7rC5Pl8rQSX4myONQHYPBK,Mob Ties,66,205146,Drake,95.0,103067383.0,rap,Scorpion,2018
5uYqmEN6TAAE8ss8YmprNV,Teen X (feat. Future),57,205995,Playboi Carti,86.0,15026799.0,rage rap,Whole Lotta Red,2020
1QGiDkpRQGqvBdDOnbDimF,I Don't Care,45,178026,Ariana Grande,90.0,107389514.0,pop,Dangerous Woman,2016
43oK4OAWUsRZUDVeHtKI4U,New Rules,46,209320,Dua Lipa,85.0,46891061.0,pop,Dua Lipa (Complete Edition),2018
5NNlUMcOEOdoOIwwaWXv0k,Cold,0,234308,Maroon 5,85.0,45771951.0,pop,Cold,2017
2hl6q70unbviGo3g1R7uFx,Échame La Culpa,59,173720,Luis Fonsi,73.0,10981924.0,latin,Échame La Culpa,2017
29TPjc8wxfz4XMn21O7VsZ,Sky,79,193234,Playboi Carti,86.0,15026799.0,rage rap,Whole Lotta Red,2020
4ea9w8c4ROqiZpJVhfBA3m,Hot (Remix) [feat. Gunna and Travis Scott],73,279906,Young Thug,84.0,12418681.0,"rap, melodic rap, trap",So Much Fun (Deluxe),2019
55Am8neGJkdj2ADaM3aw5H,Train Wreck,79,208826,James Arthur,79.0,20852039.0,soft pop,Back from the Edge,2016
4ksuI04WMvUnJbHQjgs3L5,Talk Up (feat. Jay-Z),55,223240,Drake,95.0,103067383.0,rap,Scorpion,2018
2QzKAF0y1BQhxwg8N05Uog,Watching Him Fade Away,73,143080,Mac DeMarco,79.0,7993904.0,"indie, lo-fi indie",This Old Dog,2017
6mICuAdrwEjh6Y6lroV2Kg,Chantaje (feat. Maluma),81,195840,Shakira,85.0,39788275.0,latin pop,El Dorado,2017
7GncL3nyKUjsEm8Z5gvTpW,Trap (feat. Maluma),53,199813,Shakira,85.0,39788275.0,latin pop,El Dorado,2017
5mPSyjLatqB00IkPqRlbTE,Pop Style,59,212946,Drake,95.0,103067383.0,rap,Views,2016
5YMXGBD6vcYP7IolemyLtK,Euphoria,72,228615,BTS,85.0,81189603.0,k-pop,Love Yourself 結 'Answer',2018
5OCJzvD7sykQEKHH7qAC3C,God is a woman,77,197546,Ariana Grande,90.0,107389514.0,pop,Sweetener,2018
6L88EH68XwlaXwvChlTS41,Epiphany,67,240361,BTS,85.0,81189603.0,k-pop,Love Yourself 結 'Answer',2018
3PfIrDoz19wz7qK7tYeu62,Don't Start Now,81,183290,Dua Lipa,85.0,46891061.0,pop,Future Nostalgia,2020
3K6U7TamNyVSWcFH8pCQHX,Love Hurts (feat. Travis Scott),65,180560,Playboi Carti,86.0,15026799.0,rage rap,Die Lit,2018
3GCdLUSnKSMJhs4Tj6CV3s,"All The Stars (with SZA) - From ""Black Panther: The Album""",89,232186,Kendrick Lamar,89.0,44592005.0,"hip hop, west coast hip hop",Black Panther The Album Music From And Inspired By,2018
6dg9Tceo2JpMgAKiNyLpKK,Break On Me,37,208360,Keith Urban,67.0,5273567.0,country,Ripcord,2016
5XKZua8kqgHwcxeKiMIjge,AirplaneMode,66,75428,BONES,71.0,1958141.0,"cloud rap, emo rap, horrorcore, trap metal, underground hip hop",IFeelLikeDirt,2019
1s9DTymg5UQrdorZf43JQm,Fell In Luv (feat. Bryson Tiller),74,206333,Playboi Carti,86.0,15026799.0,rage rap,Die Lit,2018
1lsBTdE6MGsKeZCD6llNu7,Done for Me (feat. Kehlani),70,180493,Charlie Puth,80.0,25306511.0,"soft pop, pop",Voicenotes,2018
6wQlQrTY5mVS8EGaFZVwVF,Smile (with The Weeknd),67,196180,Juice WRLD,85.0,42540400.0,"melodic rap, emo rap",Legends Never Die,2020
7Bar1kLTmsRmH6FCKKMEyU,Hit Different,66,202007,SZA,87.0,33043825.0,r&b,Hit Different,2020
25oOaleife6E2MIKmFkPvg,Relationship (feat. Future),67,215306,Young Thug,84.0,12418681.0,"rap, melodic rap, trap",Beautiful Thugger Girls,2017
0JP9xo3adEtGSdUEISiszL,Moonlight,82,135090,XXXTENTACION,83.0,51719064.0,emo rap,?,2018
1IIKrJVP1C9N7iPtG6eOsK,Go Crazy,77,176960,Chris Brown,87.0,28316378.0,r&b,Slime & B,2020
2WP8G2pdddDmnh1xbfKBOI,Finesse,74,182080,Drake,95.0,103067383.0,rap,Scorpion,2018
2xLMifQCjDGFmkHkpNLD9h,SICKO MODE,82,312820,Travis Scott,89.0,41119579.0,rap,ASTROWORLD,2018
15JRvf02KKGHKgC31jrpuh,Meh,63,118500,Playboi Carti,86.0,15026799.0,rage rap,Whole Lotta Red,2020
0mjAU3yKR1QnXnHtjGJqTM,Rescue Me,63,158899,OneRepublic,81.0,18703625.0,soft pop,Rescue Me,2019
1IWNylpZ477gIVUDpJL66u,Sour Candy (with BLACKPINK),64,157706,Lady Gaga,88.0,42256604.0,"art pop, pop",Chromatica,2020
7xagQoIf776ukUlgH4TyyB,I Don't Care,53,178026,Ariana Grande,90.0,107389514.0,pop,Dangerous Woman,2016
3FU6urUVsgXa6RBuV2PdRk,Heartless (feat. Morgan Wallen),73,169226,Diplo,77.0,2812821.0,moombahton,Diplo Presents Thomas Wesley: Chapter 1 - Snake Oil,2020
1UujO43qVZnWObydH4MLT5,Thinking Bout You,60,200400,Ariana Grande,90.0,107389514.0,pop,Dangerous Woman,2016
76FZM38RC8XaAjJ77CVTNe,Into You,82,244453,Ariana Grande,90.0,107389514.0,pop,Dangerous Woman,2016
5o3GnrcFtvkdf3zFznuSbA,Don't Wanna Know (feat. Kendrick Lamar),70,214265,Maroon 5,85.0,45771951.0,pop,Red Pill Blues (Deluxe),2018
4witYWg5gaIbBIk82qzjsY,Saturnalia,39,478973,Marilyn Manson,71.0,4969994.0,"industrial metal, industrial rock, industrial, metal, nu metal",Heaven Upside Down,2017
1dI77VhaLcQSgQLSnIs03D,Levitating,52,203807,Dua Lipa,85.0,46891061.0,pop,Future Nostalgia,2020
39LLxExYz6ewLAcYrzQQyP,Levitating,79,203807,Dua Lipa,85.0,46891061.0,pop,Future Nostalgia,2020
5Il6Oe7lr5XM7A0cWbVQtr,bad idea,66,267106,Ariana Grande,90.0,107389514.0,pop,"thank u, next",2019
4eP8Syl3aBEQw3Jy5Bhq0D,The Truth Untold,59,242292,BTS,85.0,81189603.0,k-pop,Love Yourself 結 'Answer',2018
4ZT9FnbFu1PaBfV3itxiqT,I,66,181890,Lil Skies,64.0,5287479.0,melodic rap,Shelby,2019
2ThsBNtjuUEERqcpXQEoYR,Don't Start Now,58,183290,Dua Lipa,85.0,46891061.0,pop,Future Nostalgia,2020
1nX9KhK3Fff27SnrIor2Yb,4 AM,58,255560,2 Chainz,74.0,8305217.0,"rap, southern hip hop",Pretty Girls Like Trap Music,2017
7yFhA2fUsL2oIMWlw5DaHQ,The Bones,66,197293,Maren Morris,67.0,888857.0,country,GIRL,2019
1BYZxKSf0aTxp8ZFoeyM3d,we fell in love in october,3,184153,girl in red,73.0,8765920.0,bedroom pop,we fell in love in october / forget her,2018
4qtXU0epoC3zEmolXdBcu8,Bad Decisions,53,226426,Ariana Grande,90.0,107389514.0,pop,Dangerous Woman,2016
6IPwKM3fUUzlElbvKw2sKl,we fell in love in october,87,184153,girl in red,73.0,8765920.0,bedroom pop,we fell in love in october / October Passed Me By,2018
3nc420PXjTdBV5TN0gCFkS,Ocean (feat. Khalid),65,216419,Martin Garrix,74.0,15121577.0,"edm, progressive house, electronica",Ocean (feat. Khalid),2018
4wNQAG2BzbVkLhdajjxGpR,Begging,51,194106,Dua Lipa,85.0,46891061.0,pop,Dua Lipa (Deluxe),2017
6V3wTb4VVDWRw3YEDgc6Py,Used to Love You Sober,51,181680,Kane Brown,71.0,5778198.0,"country, pop country",Chapter 1 - EP,2016
5mCPDVBb16L4XQwDdbRUpz,Passionfruit,85,298940,Drake,95.0,103067383.0,rap,More Life,2017
27356GVuMPFWiJSZCragoM,make up,61,140693,Ariana Grande,90.0,107389514.0,pop,"thank u, next",2019
11kDth1aKUEUMq9r1pqyds,5% TINT,74,196138,Travis Scott,89.0,41119579.0,rap,ASTROWORLD,2018
212ecIiQ47VqrOLRTwXaMB,Knew Better / Forever Boy,53,299213,Ariana Grande,90.0,107389514.0,pop,Dangerous Woman,2016
1mXVgsBdtIVeCLJnSnmtdV,Too Good At Goodbyes,82,201000,Sam Smith,81.0,26275803.0,soft pop,The Thrill Of It All (Special Edition),2017
792HwhrdO3ErRKL5yRe4Ge,Invincible,72,127546,Pop Smoke,75.0,15614717.0,"brooklyn drill, new york drill, drill",Meet The Woo 2,2020
01380RE6UfsPSdiUIwrCoH,MIC Drop (Steve Aoki Remix) (Full Length Edition),69,307675,BTS,85.0,81189603.0,k-pop,Love Yourself 結 'Answer',2018
07KXEDMj78x68D884wgVEm,High Fashion (feat. Mustard),70,220486,Roddy Ricch,74.0,11848561.0,melodic rap,Please Excuse Me for Being Antisocial,2019
4VqEUmMjhbj6w7g5EVKILE,castles,73,144906,Lil Peep,82.0,15689879.0,"emo rap, cloud rap",castles,2016
3e9HZxeyfWwjeyPAMmWSSQ,"thank u, next",81,207320,Ariana Grande,90.0,107389514.0,pop,"thank u, next",2019
09lmraDvzBT3pUQ2rUtJzK,March 14,52,309560,Drake,95.0,103067383.0,rap,Scorpion,2018
1vTntttEXlVHk4uj1vtVEe,Be the One,56,202914,Dua Lipa,85.0,46891061.0,pop,Dua Lipa (Deluxe),2017
1tkg4EHVoqnhR6iFEXb60y,What You Know Bout Love,77,160000,Pop Smoke,75.0,15614717.0,"brooklyn drill, new york drill, drill",Shoot For The Stars Aim For The Moon,2020
7floNISpH8VF4z4459Qo18,Look At Me!,76,126345,XXXTENTACION,83.0,51719064.0,emo rap,Look At Me!,2017
6bSwpQYEguyMlkCoWiBt3Y,Trivia 承 : Love,57,225697,BTS,85.0,81189603.0,k-pop,Love Yourself 結 'Answer',2018
12GEpg2XOPyqk03JZEZnJs,It Ain’t Me (with Selena Gomez),66,220780,Kygo,76.0,8670063.0,tropical house,It Ain't Me,2017
4rXsapBjwYiYffFPW7G4zr,Runaway,57,248826,AURORA,72.0,4696577.0,"norwegian pop, art pop",All My Demons Greeting Me As A Friend (Deluxe),2016
7t3Xdbufg7q2onVsR8RBdY,Fire On Fire,78,246735,Sam Smith,81.0,26275803.0,soft pop,Love Goes,2020
6V1bu6o1Yo5ZXnsCJU8Ovk,Girls Like You (feat. Cardi B) - Cardi B Version,65,235545,Maroon 5,85.0,45771951.0,pop,Red Pill Blues (Deluxe),2018
6OaVWaGfhXn70ZJfdVcabn,NO BYSTANDERS,70,218283,Travis Scott,89.0,41119579.0,rap,ASTROWORLD,2018
23L5CiUhw2jV1OIMwthR3S,In the Name of Love,78,195706,Martin Garrix,74.0,15121577.0,"edm, progressive house, electronica",In the Name of Love,2016
7G2M02AruvZgH2DXkWYiJQ,Mr Tambourine Man,30,251566,AURORA,72.0,4696577.0,"norwegian pop, art pop",All My Demons Greeting Me As A Friend (Deluxe),2016
5jl8wCqKCHCux0uWf3d7O9,walk away as the door slams,69,160560,Lil Peep,82.0,15689879.0,"emo rap, cloud rap",HELLBOY,2016
6KuqAtoeVzxAYOaMveLNpH,Dura,69,200480,Daddy Yankee,85.0,37813429.0,"reggaeton, latin",Dura,2018
4CYTQpr2jc4uBScYvpEK2w,Beno!,59,153333,Playboi Carti,86.0,15026799.0,rage rap,Whole Lotta Red,2020
3Ol2xnObFdKV9pmRD2t9x8,Look Back at It,76,179449,A Boogie Wit da Hoodie,77.0,8987309.0,melodic rap,Hoodie SZN,2018
7MjSipTto9QljYzZnloXOn,Views,62,311960,Drake,95.0,103067383.0,rap,Views,2016
5XosyDOFbjUxmibJtCOlpX,I Went Too Far,36,207853,AURORA,72.0,4696577.0,"norwegian pop, art pop",All My Demons Greeting Me As A Friend (Deluxe),2016
6CagMrZXJUdGGIw6Eaepos,Exhale,59,164708,Sabrina Carpenter,91.0,26559943.0,pop,Singular Act II,2019
46SOM5rxqJ6YWAQUAX93xa,My Immortal,39,264626,Evanescence,75.0,6165678.0,alternative metal,Synthesis,2017
60nwvOMLA1uzLHz3CLp4Na,Airplane pt.2,57,218614,BTS,85.0,81197976.0,k-pop,Love Yourself 結 'Answer',2018
2G1tXoGBaEMJ7FKGnkf6ud,Wake Up in the Sky,75,203161,Gucci Mane,76.0,5987438.0,"southern hip hop, rap, trap",Evil Genius,2018
2fmyrECK6bdfoGven0UMZx,Naked,71,233400,James Arthur,79.0,20854863.0,soft pop,YOU,2019
41a7dZcq30Ss5kPMayWRV0,That’s How You Feel,65,157605,Drake,95.0,103094105.0,rap,Scorpion,2018
1lL5wgXpI3Wwn6Am13dQIj,Finale,40,651826,John Williams,70.0,1605379.0,soundtrack,Star Wars: The Rise of Skywalker (Original Motion Picture Soundtrack),2019
4txKMpsSfZRV6durPuHVq0,New Tank,67,89741,Playboi Carti,86.0,15031490.0,rage rap,Whole Lotta Red,2020
5NFYuqu8V6QXc6mzcLImd6,Hype,59,209413,Drake,95.0,103094105.0,rap,Views,2016
6NMtzpDQBTOfJwMzgMX0zl,SKELETONS,76,145588,Travis Scott,89.0,41131037.0,rap,ASTROWORLD,2018
2uZg4Dg2zshOJTyKa22ixE,"Main Theme (From ""The Dark Knight Rises"")",49,261946,Hans Zimmer,77.0,4780589.0,soundtrack,Hans Zimmer - The Classics,2017
2gMXnyrvIjhVBUZwvLZDMP,Before You Go,83,215106,Lewis Capaldi,79.0,14043382.0,soft pop,Divinely Uninspired To A Hellish Extent (Extended Edition),2019
1f9HYCR1ead1mNn5WsnMEn,tonight you belong to me (sing-a-long),35,79440,Christina Perri,71.0,4308713.0,soft pop,songs for carmella: lullabies & sing-a-longs,2019
0pdHkJIInkch0K9jLBBRaZ,OMFG,64,197853,Lil Peep,82.0,15695162.0,"emo rap, cloud rap",HELLBOY,2016
59NC8SuXPiSaiYL69XQ4dt,Let Me Love You,73,223853,Ariana Grande,90.0,107401919.0,pop,Dangerous Woman,2016
1xVVYE1ahLotRpppJViVzs,F33l Lik3 Dyin,57,204436,Playboi Carti,86.0,15031490.0,rage rap,Whole Lotta Red,2020
03XjE0nqkkQvktjlRXmsV6,nineteen,0,177040,Lil Peep,82.0,15695162.0,"emo rap, cloud rap",crybaby,2016
7soJgKhQTO8hLP2JPRkL5O,One Call Away,56,194453,Charlie Puth,80.0,25310805.0,"soft pop, pop",Nine Track Mind,2016
1ZAyjvIk9YiD76yYy0TEG6,Plug Walk,66,175229,Rich The Kid,64.0,3479963.0,trap,The World Is Yours,2018
6FHVHycPPTQp6aAHjLhzFT,Her,52,228612,BTS,85.0,81197976.0,k-pop,Love Yourself 結 'Answer',2018
3aJkV6DUTSCqOwVwaBDG9B,With You,63,195053,Drake,95.0,103094105.0,rap,Views,2016
4OafepJy2teCjYJbvFE60J,breathin,71,198160,Ariana Grande,90.0,107401919.0,pop,Sweetener,2018
5E5MqaS6eOsbaJibl3YeMZ,Homesick,59,230480,Dua Lipa,85.0,46895665.0,pop,Dua Lipa (Deluxe),2017
3j6Vua6G9chRUJ9dTiOh7k,Sometimes,56,226666,Ariana Grande,90.0,107401919.0,pop,Dangerous Woman,2016
7vGuf3Y35N4wmASOKLUVVU,Silence,78,180822,Marshmello,80.0,34479374.0,edm,Silence,2017
0mZI1NpihIVcho2f9MmqSW,Trivia 轉 : Seesaw,64,246334,BTS,85.0,81197976.0,k-pop,Love Yourself 結 'Answer',2018
2qLcJOLrh6Djda4uLbldSA,Faithful,57,290133,Drake,95.0,103094105.0,rap,Views,2016
0YammaEkYSeo9vQYZ1OwS6,Say My Name,66,198946,David Guetta,87.0,27143729.0,edm,7,2018
47EiUVwUp4C9fGccaPuUCS,DÁKITI,78,205090,Bad Bunny,95.0,102571645.0,"reggaeton, trap latino, urbano latino, latin",DÁKITI,2020
08dz3ygXyFur6bL7Au8u8J,Over,69,166234,Playboi Carti,86.0,15031490.0,rage rap,Whole Lotta Red,2020
0mDGNetRxywxqgiXFbagZh,No Goodbyes,55,216080,Dua Lipa,85.0,46895665.0,pop,Dua Lipa (Deluxe),2017
475jSz0H6U3duJyNiDS0tT,Right Now (feat. Pi'erre Bourne),64,207013,Playboi Carti,86.0,15031490.0,rage rap,Die Lit,2018
1BpKJw4RZxaFB88NE5uxXf,ILoveUIHateU,75,135122,Playboi Carti,86.0,15031490.0,rage rap,Whole Lotta Red,2020
7oAraczbemGSNWqnbkU87R,Too Good At Goodbyes,0,201000,Sam Smith,81.0,26278854.0,soft pop,Too Good At Goodbyes,2017
5idsEzxjeekla54j0jHYUE,Good In Bed,46,218754,Dua Lipa,85.0,46895665.0,pop,Future Nostalgia,2020
0H1Had94fszD13qsFsP1U5,Sex with My Ex,62,213640,Lil Peep,82.0,15695162.0,"emo rap, cloud rap","Come Over When You're Sober, Pt. 2",2018
4c2xt1trwYZpMqPWY35Xi9,Jaded,72,262453,Drake,95.0,103094105.0,rap,Scorpion,2018
6zegtH6XXd2PDPLvy1Y0n2,Don’t Call Me Angel (Charlie’s Angels) (with Miley Cyrus & Lana Del Rey),66,190066,Ariana Grande,90.0,107401919.0,pop,Charlie's Angels (Original Motion Picture Soundtrack),2019
1FWsomP9StpCcXNWmJk8Cl,K.,11,320030,Cigarettes After Sex,84.0,17380777.0,dream pop,Cigarettes After Sex,2017
2aPTvyE09vUCRwVvj0I8WK,Sundress,79,158205,A$AP Rocky,82.0,17333176.0,rap,Sundress,2018
2sw8teIvVMRZKKYD5p795f,Main Title Theme - Westworld,49,101461,Ramin Djawadi,65.0,718418.0,soundtrack,Westworld: Season 1 (Music from the HBO Series),2016
04OSnqlwlBJMvidYccraVz,girls,69,198400,girl in red,73.0,8768495.0,bedroom pop,girls,2018
6PJ8FF6UR8FZXfEvpHkIVN,How Would You Feel (Paean),62,280533,Ed Sheeran,88.0,122802777.0,soft pop,÷ (Deluxe),2017
453W8V5Ynwn6Tr28KuOwsO,Anpanman,59,232966,BTS,85.0,81197976.0,k-pop,Love Yourself 結 'Answer',2018
70eFcWOvlMObDhURTqT4Fv,Beautiful People (feat. Khalid),69,197866,Ed Sheeran,88.0,122802777.0,soft pop,No.6 Collaborations Project,2019
4isCUHcZJs0o8niODly6qc,Room for 2,42,208689,Dua Lipa,85.0,46895665.0,pop,Dua Lipa (Deluxe),2017
1HXy5I3HTWq8OvxCn0z7G7,Heaven,68,179506,Kane Brown,71.0,5778418.0,"country, pop country",Kane Brown (Deluxe Edition),2017
4BfJmlzP0ErWns1YM1XASc,Gym Class,67,217000,Lil Peep,82.0,15695162.0,"emo rap, cloud rap",Gym Class,2016
6XHVuErjQ4XNm6nDPVCxVX,No Guidance (feat. Drake),80,260640,Chris Brown,87.0,28327351.0,r&b,Indigo,2019
0glTZHa9SxsDpeCQGc9AVs,Live Forever,0,160560,Lil Peep,82.0,15695162.0,"emo rap, cloud rap",EVERYBODY'S EVERYTHING,2019
6nO3tr47nr2P7f3hXb8JIo,Champion (feat. Travis Scott),63,195053,NAV,69.0,3563926.0,melodic rap,RECKLESS,2018
57j65yC2HggQfmYNc6rdOK,bad idea!,72,219638,girl in red,73.0,8768495.0,bedroom pop,bad idea!,2019
5TXDeTFVRVY7Cvt0Dw4vWW,Revenge,81,120026,XXXTENTACION,83.0,51727329.0,emo rap,17,2017
4MfUR0Jx3uOdnqodR2JLGF,til there was you (sing-a-long),36,127586,Christina Perri,71.0,4308713.0,soft pop,songs for carmella: lullabies & sing-a-longs,2019
1raaNykBg1bDnWENUiglUA,Break My Heart,58,221820,Dua Lipa,85.0,46895665.0,pop,Break My Heart,2020
1kqc6U8hVYZhY0gFGQclCz,girls,0,198400,girl in red,73.0,8768495.0,bedroom pop,girls,2018
4BHzQ9C00ceJxfG16AlNWb,Send My Love (To Your New Lover),1,223080,Adele,83.0,66734917.0,soft pop,25,2016
0azC730Exh71aQlOt9Zj3y,This Is What You Came For,78,222160,Calvin Harris,84.0,23079295.0,edm,This Is What You Came For,2016
64PgpLHuQK3UJ5qZ875Vei,Save That Shit,1,231546,Lil Peep,82.0,15695162.0,"emo rap, cloud rap","Come Over When You're Sober, Pt. 1",2017
3ko9jEHNt4O5fjKN65ULJp,shut up,58,157710,Ariana Grande,90.0,107401919.0,pop,Positions,2020
3kwgqoBqTwoAH4nT29TYrq,Nobody's Love,10,211253,Maroon 5,85.0,45777722.0,pop,Nobody's Love,2020
1eMNW1HQjF1dbb4GtnmpaX,Slay3r,61,164590,Playboi Carti,86.0,15031490.0,rage rap,Whole Lotta Red,2020
39LmTF9RgyakzSYX8txrow,imagine,69,212266,Ariana Grande,90.0,107401919.0,pop,"thank u, next",2019
2ekn2ttSfGqwhhate0LSR0,New Rules,80,209320,Dua Lipa,85.0,46895665.0,pop,Dua Lipa (Deluxe),2017
7B3z0ySL9Rr0XvZEAjWZzM,Sofia,43,188386,Clairo,78.0,6606632.0,bedroom pop,Immunity,2019
6i6whmV36EJmxs5zFahMrb,No Sl33p,56,88547,Playboi Carti,86.0,15031490.0,rage rap,Whole Lotta Red,2020
59CrwNtNqzOmODXRxwaknc,Break My Heart,53,221820,Dua Lipa,85.0,46895665.0,pop,Future Nostalgia,2020
4uGz0wWAkH4FGPpBR6eaHt,Coconut Tree,38,230173,Shakira,85.0,39798156.0,latin pop,El Dorado,2017
4HDCLYli2SUdkq9OjmvhSD,BELIEVE IT,0,183219,PARTYNEXTDOOR,83.0,10115734.0,"dark r&b, r&b, trap soul",PARTYMOBILE,2020
6JLiWJptfEdsz3TW4dnQGy,Lights Come On,62,194506,Jason Aldean,75.0,7054208.0,"country, acoustic country",They Don't Know,2016
1SGlXOc661edija3RJ8OMH,"skyscrapers (love now, cry later)",60,121920,Lil Peep,82.0,15695162.0,"emo rap, cloud rap",crybaby,2016
7rbalRuIx7sIXFHYTphE0n,Die4Guy,59,131248,Playboi Carti,86.0,15031490.0,rage rap,Whole Lotta Red,2020
3BtuIIrQlkujKPuWF2B85z,Too Good,73,263373,Drake,95.0,103094105.0,rap,Views,2016
1mo6pWcIXljy3y1Kju5JWG,Moving On,47,203800,Lil Peep,82.0,15695162.0,"emo rap, cloud rap",GOTH ANGEL SINNER,2019
3eekarcy7kvN4yt5ZFzltW,HIGHEST IN THE ROOM,83,175720,Travis Scott,89.0,41131037.0,rap,HIGHEST IN THE ROOM,2019
5O9zs6G6RcB6yP1OKwnwiM,Choppa Won't Miss (feat. Young Thug),62,217960,Playboi Carti,86.0,15031490.0,rage rap,Die Lit,2018
1AqemxWsT0iGg5Lvkm16Bt,Fukk Sleep (feat. FKA twigs),66,192973,A$AP Rocky,82.0,17333176.0,rap,TESTING,2018
6gBFPUFcJLzWGx4lenP6h2,goosebumps,84,243836,Travis Scott,89.0,41131037.0,rap,Birds In The Trap Sing McKnight,2016
4P76CEIXrrWT2cgS1YrTMr,Genesis,55,205720,Dua Lipa,85.0,46895665.0,pop,Dua Lipa (Deluxe),2017
6ocbgoVGwYJhOv1GgI9NsF,7 rings,84,178626,Ariana Grande,90.0,107401919.0,pop,"thank u, next",2019
3CA9pLiwRIGtUBiMjbZmRw,Nice For What,77,210746,Drake,95.0,103094105.0,rap,Scorpion,2018
33IOhptvC2Qoy2UhjiHXLV,Flames,63,195000,David Guetta,87.0,27143729.0,edm,Flames,2018
285pBltuF7vW8TeWk8hdRR,Lucid Dreams,82,239835,Juice WRLD,85.0,42551578.0,"melodic rap, emo rap",Goodbye & Good Riddance,2018
1OAYKfE0YdrN7C1yLWaLJo,Hotline Bling,0,267066,Drake,95.0,103094105.0,rap,Views,2016
500l6Cwe40hkPqS7Sf7ufY,Foreign,68,142893,Playboi Carti,86.0,15031490.0,rage rap,Die Lit,2018
0kIlh2nOwIxx4SgoDrRWDG,I'll Be The Moon,46,210600,Dierks Bentley,65.0,3316476.0,country,Black,2016
2qES7NEo0DCDvi707VS3HC,New Love,46,271934,Dua Lipa,85.0,46895665.0,pop,Dua Lipa (Deluxe),2017
3bWAqKDWg6u1davspr5IkS,OK,62,189306,Robin Schulz,75.0,3276119.0,tropical house,OK,2017
6SWVcJaG3tWN2Oc3AIo2Vy,Nature Boy - Acoustic,33,179960,AURORA,72.0,4697897.0,"norwegian pop, art pop",All My Demons Greeting Me As A Friend (Deluxe),2016
4aOOExMBUyxKnEYb39SrTg,Riot,68,78680,XXXTENTACION,83.0,51727329.0,emo rap,Riot,2020
5AWMbJ60z0NmztJ1Edl00K,Never Be Like You,3,234909,Flume,68.0,2508551.0,future bass,Skin,2016
0cgD36xPIJBdKUNJRHYDgP,JumpOutTheHouse,59,93385,Playboi Carti,86.0,15031490.0,rage rap,Whole Lotta Red,2020
3AzjcOeAmA57TIOr9zF1ZW,Physical,75,193829,Dua Lipa,85.0,46895665.0,pop,Future Nostalgia,2020
7ju97lgwC2rKQ6wwsf9no9,Rain On Me (with Ariana Grande),71,182200,Lady Gaga,89.0,42275793.0,"art pop, pop",Chromatica,2020
7KOlJ92bu51cltsD9KU5I7,T-Shirt,1,242407,Migos,74.0,14639621.0,trap,Culture,2017
6NzFYtTePXtvszAjhyzKNg,Belgium,52,240240,Lil Peep,82.0,15695162.0,"emo rap, cloud rap",EVERYBODY'S EVERYTHING,2019
2rPSFKzGeqUWwfcCFVkkq3,Poke It Out (with Nicki Minaj),60,269813,Playboi Carti,86.0,15031490.0,rage rap,Die Lit,2018
1cG3sQOVItzKsvHzkCzuke,What's Mine Is Yours,51,216240,Kane Brown,71.0,5778418.0,"country, pop country",Kane Brown (Deluxe Edition),2017
7EAMXbLcL0qXmciM5SwMh2,Heart To Heart,82,211140,Mac DeMarco,79.0,7996784.0,"indie, lo-fi indie",Here Comes The Cowboy,2019
5A7CwBNDUhvLWuSU5oJEh3,Moonlight,62,202360,Ariana Grande,90.0,107401919.0,pop,Dangerous Woman,2016
7FCfMXYTIiQ9b4hDYs4Iol,Be the One,74,202914,Dua Lipa,85.0,46895665.0,pop,Dua Lipa (Deluxe),2017
7HsvTUJcXRQVK6QuALkAvW,Top (feat. Pi'erre Bourne),58,133013,Playboi Carti,86.0,15031490.0,rage rap,Die Lit,2018
6NfrH0ANGmgBXyxgV2PeXt,La Difícil,71,163084,Bad Bunny,95.0,102571645.0,"reggaeton, trap latino, urbano latino, latin",YHLQMDLG,2020
0syXbGoFZbTMXm8hGCEvW0,Old Money,61,135546,Playboi Carti,86.0,15031490.0,rage rap,Die Lit,2018
5nayhWICkQGMTkisxVMbRw,FlatBed Freestyle,66,193973,Playboi Carti,86.0,15031490.0,rage rap,Die Lit,2018
68fV7C9lxnAwhNdUxBndAE,Soft Universe,58,239533,AURORA,72.0,4697897.0,"norwegian pop, art pop",Infections Of A Different Kind – Step 1,2018
4aVmfly4CkmibiRLn5AHc2,a dream is a wish your heart makes,48,125253,Christina Perri,71.0,4308713.0,soft pop,songs for carmella: lullabies & sing-a-longs,2019
4uqh9bualXNHXXwO2wPorc,Daisies,55,173123,Katy Perry,83.0,38400585.0,pop,Daisies,2020
2iqHcRoOfLl1fXCf1bGO0J,King Vamp,59,186776,Playboi Carti,86.0,15031490.0,rage rap,Whole Lotta Red,2020
6cx06DFPPHchuUAcTxznu9,Head & Heart (feat. MNEK),75,166028,Joel Corry,66.0,470451.0,dance pop,Head & Heart (feat. MNEK),2020
58AGoOGbwsQMhBbH0eFLRR,Over Now (with The Weeknd),61,210795,Calvin Harris,84.0,23079295.0,edm,Over Now (with The Weeknd),2020
6wmAHw1szh5RCKSRjiXhPe,How Long,77,200853,Charlie Puth,80.0,25310805.0,"soft pop, pop",Voicenotes,2018
6c0I7CfL9ziGZN8yYkLppP,Sharp Edges,58,178200,Linkin Park,88.0,31806929.0,"nu metal, rap metal, rock, alternative metal",One More Light,2017
1e8J3XClxZbFmvIHLI8CE4,IDOL,72,222732,BTS,85.0,81197976.0,k-pop,Love Yourself 結 'Answer',2018
2W0p1EYsUUy7OWNj68coug,Up All Night,37,209640,Jon Pardi,73.0,2339392.0,"country, acoustic country",Cleaning At Home - Country Edition,2020
6Im9k8u9iIzKMrmV7BWtlF,34+35,76,173710,Ariana Grande,90.0,107401919.0,pop,Positions,2020
5MFzQMkrl1FOOng9tq6R9r,Don't Wanna Know,1,214480,Maroon 5,85.0,45777722.0,pop,Don't Wanna Know,2016
1OhstguCoBQ4SXT8ugSmOl,Dangerous Woman,66,235946,Ariana Grande,90.0,107401919.0,pop,Dangerous Woman,2016
1MkFj1ThZZxjYMNkczx9mk,Be Alright,61,179293,Ariana Grande,90.0,107401919.0,pop,Dangerous Woman,2016
24XtnTroMCHL4FWUCODicV,"Murder Song (5, 4, 3, 2, 1) - Acoustic",37,218666,AURORA,72.0,4697897.0,"norwegian pop, art pop",All My Demons Greeting Me As A Friend (Deluxe),2016
7x4ASXYEKfQBCewcZhK776,"Ay, DiOs Mío!",62,189653,KAROL G,87.0,60395783.0,"reggaeton, latin, urbano latino","Ay, DiOs Mío!",2020
2oaK4JLVnmRGIO9ytBE1bt,Dark Necessities,76,302000,Red Hot Chili Peppers,83.0,23226759.0,"funk rock, alternative rock, rock",The Getaway,2016
6T8cJz5lAqGer9GUHGyelE,God's Plan,1,198960,Drake,95.0,103094105.0,rap,Scary Hours,2018
5TTXEcfsYLh6fTarLaevTi,lowkey,2,171355,NIKI,76.0,8642338.0,indonesian r&b,lowkey,2019
4GXl8l1MfZPf2GvpyRPJBf,pick up the phone (feat. Quavo),68,252262,Young Thug,84.0,12421354.0,"rap, melodic rap, trap",pick up the phone (feat. Quavo),2016
7GX5flRQZVHRAGd6B4TmDO,XO Tour Llif3,80,182706,Lil Uzi Vert,82.0,19260805.0,melodic rap,Luv Is Rage 2,2017
5N5k9nd479b1xpDZ4usjrg,Promises (with Sam Smith),70,213309,Calvin Harris,84.0,23079295.0,edm,Promises (with Sam Smith),2018
7jEyX4bqaCSdMN4D4JNnVj,Mama,71,184133,Jonas Blue,72.0,3877638.0,tropical house,Blue,2018
2qxagPKgS2Wc05MLmJucBE,Dreams,45,220240,Dua Lipa,85.0,46895665.0,pop,Dua Lipa (Deluxe),2017
7aLT0tLcS40Penaplqu2cZ,Greedy,67,214906,Ariana Grande,90.0,107401919.0,pop,Dangerous Woman,2016
1mxaufUe16G9wOoG9ptUqr,Garden,46,227946,Dua Lipa,85.0,46895665.0,pop,Dua Lipa (Deluxe),2017
4qknM1pQz53QOyfDVTjcM9,Me Enamoré,71,226893,Shakira,85.0,39798156.0,latin pop,El Dorado,2017
1JgkiUg9mSXSwcb5Gbi4Ur,Lean 4 Real (feat. Skepta),65,177026,Playboi Carti,86.0,15031490.0,rage rap,Die Lit,2018
5ymRHxybhbG2mRJIXRcMa8,beibs in the trap,34,213863,Travis Scott,89.0,41131037.0,rap,Birds In The Trap Sing McKnight,2016
3YJJjQPAbDT7mGpX3WtQ9A,Good Days,72,279204,SZA,87.0,33055350.0,r&b,Good Days,2020
11P551riKTFfC1OT08Lepe,"Piano Sonata No. 11 in A Major, K. 331: III. Alla turca",20,219026,Wolfgang Amadeus Mozart,75.0,5898725.0,"classical, requiem, opera, classical piano, chamber music",Best Classical Music,2016
127QTOFJsJQp5LbJbu3A1y,Toosie Slide,69,247058,Drake,95.0,103094105.0,rap,Toosie Slide,2020
1XRgIKC5TPwo7nWGyKqgG0,I Get the Bag (feat. Migos),70,233087,Gucci Mane,76.0,5987438.0,"southern hip hop, rap, trap",Mr. Davis,2017
5Am6tsnSF2olM1bPpOdZRu,walk away as the door slams - acoustic,50,118413,Lil Peep,82.0,15695162.0,"emo rap, cloud rap",EVERYBODY'S EVERYTHING,2019
2SAqBLGA283SUiwJ3xOUVI,Laugh Now Cry Later (feat. Lil Durk),75,261492,Drake,95.0,103094105.0,rap,Laugh Now Cry Later (feat. Lil Durk),2020
5GorCbAP4aL0EJ16frG2hd,Boulevard of Broken Dreams,72,262333,Green Day,80.0,17333748.0,"punk, pop punk",Greatest Hits: God's Favorite Band,2017
7ejepEh5DJ79YI6owGRfkk,New N3on,64,116360,Playboi Carti,86.0,15031490.0,rage rap,Whole Lotta Red,2020
2BJSMvOGABRxokHKB0OI8i,Shoota (feat. Lil Uzi Vert),76,153800,Playboi Carti,86.0,15031490.0,rage rap,Die Lit,2018
6y76kWytb0ep3yMiZspqrK,Wisdom Cries,29,247106,AURORA,72.0,4697897.0,"norwegian pop, art pop",All My Demons Greeting Me As A Friend (Deluxe),2016
2PlrYKsGndAMJ0qqVVPCoV,4 Gold Chains - (feat. Clams Casino),48,209106,Lil Peep,82.0,15695162.0,"emo rap, cloud rap",4 Gold Chains (feat. Clams Casino),2018
166Dyvfibu4SOygA4vub85,Cruel World,54,148293,Willie Nelson,69.0,2572589.0,"outlaw country, classic country, country, traditional country, honky tonk",The Music of Red Dead Redemption 2 (Original Soundtrack),2019
00AxNl4D4jHL2AEf1W55j5,What The Hell Did I Say,46,207333,Dierks Bentley,65.0,3316476.0,country,Black,2016
1IIV8jglA0klVZy17q665k,Never Really Over,62,223297,Katy Perry,83.0,38400585.0,pop,Smile,2020
5NORWMFC27ywGSZxi8uquP,Ophelia,5,160097,The Lumineers,76.0,5903211.0,"folk pop, indie folk",Cleopatra,2016
7k4t7uLgtOxPwTpFmtJNTY,Tusa,73,200960,KAROL G,87.0,60395783.0,"reggaeton, latin, urbano latino",Tusa,2019
5clmffOxeckeJ2e3GMy6UZ,Deja vu,60,196466,Prince Royce,74.0,8654826.0,"bachata, latin",El Dorado,2017
0zqy3ss4CwD6u4QPksS0nI,8 Out Of 10,63,195720,Drake,95.0,103094105.0,rap,Scorpion,2018
0F13K9dwYH2zpTWiR8d628,Go2DaMoon (feat. Kanye West),63,119737,Playboi Carti,86.0,15031490.0,rage rap,Whole Lotta Red,2020
7FlHNJT4TC120CDvFOHzei,Rewrite The Stars,71,218293,James Arthur,79.0,20854863.0,soft pop,The Greatest Showman: Reimagined (Deluxe),2017
